1006182.tsv:SRR22292940	Sequel II sequencing: ISO-Seq of Chloromonas typhlos genome	1006182	1;131567;2759;33090;3041;2692248;3166;2812636;3042;3051;2717323;51727;1006182	Chloromonas typhlos	TRANSCRIPTOMIC	FL-cDNA	PACBIO_SMRT	9686240	2025-08-22
1006182.tsv:SRR22292939	Sequel II sequencing: ISO-Seq of Chloromonas typhlos genome	1006182	1;131567;2759;33090;3041;2692248;3166;2812636;3042;3051;2717323;51727;1006182	Chloromonas typhlos	TRANSCRIPTOMIC	FL-cDNA	PACBIO_SMRT	4999717	2025-08-26
104179.tsv:SRR10439170	Sequel sequencing: RNA-seq of F.kawagutii	104179	1;131567;2759;2698737;33630;2864;89954;252141;2949;104179	Symbiodinium kawagutii	TRANSCRIPTOMIC	RNA-Seq	PACBIO_SMRT	151054	2021-01-12
1144522.tsv:SRR28202883	MinION sequencing: GSM8123107: T_foetus_rep1 Tritrichomonas foetus RNA-Seq	1144522	1;131567;2759;2611341;5719;740972;740983;5723;1144522	Tritrichomonas foetus	TRANSCRIPTOMIC	RNA-Seq	OXFORD_NANOPORE	630818	2024-08-02
1144522.tsv:SRR28202882	MinION sequencing: GSM8123108: T_foetus_rep2 Tritrichomonas foetus RNA-Seq	1144522	1;131567;2759;2611341;5719;740972;740983;5723;1144522	Tritrichomonas foetus	TRANSCRIPTOMIC	RNA-Seq	OXFORD_NANOPORE	470832	2024-08-02
1144522.tsv:SRR28202881	MinION sequencing: GSM8123109: T_foetus_rep3 Tritrichomonas foetus RNA-Seq	1144522	1;131567;2759;2611341;5719;740972;740983;5723;1144522	Tritrichomonas foetus	TRANSCRIPTOMIC	RNA-Seq	OXFORD_NANOPORE	591217	2024-08-02
1262161.tsv:SRR14074264	Sequel sequencing: FL-cDNA of Pyropia haitanensis	1262161	1;131567;2759;2763;2797;29216;31345;1094566;1262161	Pyropia haitanensis	TRANSCRIPTOMIC	FL-cDNA	PACBIO_SMRT	140288	2023-03-24
1262161.tsv:SRR5590977	PacBio RS II sequencing: PacBio raw data of Pyropia haitanensis	1262161	1;131567;2759;2763;2797;29216;31345;1094566;1262161	Pyropia haitanensis	TRANSCRIPTOMIC	RNA-Seq	PACBIO_SMRT	457977	2017-05-25
1262161.tsv:SRR5601331	PacBio RS II sequencing: PacBio raw data of Pyropia haitanensis	1262161	1;131567;2759;2763;2797;29216;31345;1094566;1262161	Pyropia haitanensis	TRANSCRIPTOMIC	RNA-Seq	PACBIO_SMRT	951865	2017-05-25
1262161.tsv:SRR5601332	PacBio RS II sequencing: PacBio raw data of Pyropia haitanensis	1262161	1;131567;2759;2763;2797;29216;31345;1094566;1262161	Pyropia haitanensis	TRANSCRIPTOMIC	RNA-Seq	PACBIO_SMRT	653850	2017-05-26
1262161.tsv:SRR5590974	PacBio RS II sequencing: PacBio raw data of Pyropia haitanensis	1262161	1;131567;2759;2763;2797;29216;31345;1094566;1262161	Pyropia haitanensis	TRANSCRIPTOMIC	RNA-Seq	PACBIO_SMRT	686770	2017-05-25
1262161.tsv:SRR14074263	Sequel sequencing: FL-cDNA of Pyropia haitanensis	1262161	1;131567;2759;2763;2797;29216;31345;1094566;1262161	Pyropia haitanensis	TRANSCRIPTOMIC	FL-cDNA	PACBIO_SMRT	298998	2023-03-24
1262161.tsv:SRR5590983	PacBio RS II sequencing: PacBio raw data of Pyropia haitanensis	1262161	1;131567;2759;2763;2797;29216;31345;1094566;1262161	Pyropia haitanensis	TRANSCRIPTOMIC	RNA-Seq	PACBIO_SMRT	694105	2017-05-25
1262161.tsv:SRR8178053	PacBio RS II sequencing: Transcriptome sequence of Pyropia haitanensis	1262161	1;131567;2759;2763;2797;29216;31345;1094566;1262161	Pyropia haitanensis	TRANSCRIPTOMIC	RNA-Seq	PACBIO_SMRT	3409597	2018-11-10
148947.tsv:SRR12489195	Sequel sequencing: Iso-seq of Caulerpa lentillifera: chloroplast	148947	1;131567;2759;33090;3041;2692248;33103;2546214;33104;2791031;35432;76312;148947	Caulerpa lentillifera	TRANSCRIPTOMIC	RNA-Seq	PACBIO_SMRT	11048	2021-03-23
1577725.tsv:SRR14074354	Sequel sequencing: full-length transcriptome via PacBio sequencing	1577725	1;131567;2759;2698737;33634;2696291;2836;33836;33846;33847;29202;1577724;1577725	Conticribra weissflogii	TRANSCRIPTOMIC	RNA-Seq	PACBIO_SMRT	44233932	2021-07-04
1642459.tsv:SRR14975491	Sequel II sequencing: Pacbio Isoseq long read RNA cDNA sequencing of Phytophthora agathidicida	1642459	1;131567;2759;2698737;33634;4762;3418804;4776;4777;4783;1642459	Phytophthora agathidicida	TRANSCRIPTOMIC	RNA-Seq	PACBIO_SMRT	1002158	2023-07-30
1928728.tsv:DRR181094	PacBio RS II sequencing: PacBio RS II sequencing of SAMD00026085	1928728	1;131567;2759;2698737;543769;136419;1736114;556185;178369;39715;39716;1928728	Paulinella micropora	TRANSCRIPTOMIC	FL-cDNA	PACBIO_SMRT	163482	2019-09-19
1928728.tsv:DRR181095	PacBio RS II sequencing: PacBio RS II sequencing of SAMD00026085	1928728	1;131567;2759;2698737;543769;136419;1736114;556185;178369;39715;39716;1928728	Paulinella micropora	TRANSCRIPTOMIC	FL-cDNA	PACBIO_SMRT	163482	2019-09-19
1928728.tsv:DRR181096	PacBio RS II sequencing: PacBio RS II sequencing of SAMD00026085	1928728	1;131567;2759;2698737;543769;136419;1736114;556185;178369;39715;39716;1928728	Paulinella micropora	TRANSCRIPTOMIC	FL-cDNA	PACBIO_SMRT	163482	2019-09-19
2049356.tsv:SRR15678500	MinION sequencing: Transcriptome-Seq of Monocercomonoides exilis	2049356	1;131567;2759;2611341;2662611;66288;302780;302781;2049356	Monocercomonoides exilis	TRANSCRIPTOMIC	FL-cDNA	OXFORD_NANOPORE	878515	2022-01-22
240364.tsv:DRR316259	Sequel II sequencing: Sequel II sequencing of SAMD00401789	240364	1;131567;2759;2698737;33634;2696291;2836;33836;420266;265576;49236;49237;240364	Chaetoceros neogracilis	TRANSCRIPTOMIC	RNA-Seq	PACBIO_SMRT	1968854	2021-12-03
240364.tsv:DRR316260	Sequel II sequencing: Sequel II sequencing of SAMD00401789	240364	1;131567;2759;2698737;33634;2696291;2836;33836;420266;265576;49236;49237;240364	Chaetoceros neogracilis	TRANSCRIPTOMIC	RNA-Seq	PACBIO_SMRT	1035268	2021-12-03
2562237.tsv:ERR10032851	Sequel II sequencing	2562237	1;131567;2759;2698737;33630;2864;89954;252141;2486696;2562237	Cladocopium goreaui	TRANSCRIPTOMIC	RNA-Seq	PACBIO_SMRT	147300293	2022-08-09
2562239.tsv:DRR658382	Sequel II sequencing: N2908_HiFi_isoseq	2562239	1;131567;2759;2698737;33630;2864;89954;252141;2562238;2562239	Effrenium voratum	TRANSCRIPTOMIC	FL-cDNA	PACBIO_SMRT	825497	2025-06-11
2690220.tsv:SRR19760117	Sequel sequencing: Cyanidiococcus yangmingshanensis 8.1.23 F7 PacBio Iso-Seq	2690220	1;131567;2759;2763;2797;265318;265316;2759657;2690220	Cyanidiococcus yangmingshanensis	TRANSCRIPTOMIC	RNA-Seq	PACBIO_SMRT	21980	2022-11-08
2771.tsv:SRR19760115	Sequel sequencing: Cyanidium caldarium 063 E5 PacBio Iso-Seq	2771	1;131567;2759;2763;2797;265318;265316;2770;2771	Cyanidium caldarium	TRANSCRIPTOMIC	RNA-Seq	PACBIO_SMRT	16029	2022-11-08
2788.tsv:SRR10502265	PacBio RS II sequencing: SMRT of Pyropia yezoensis	2788	1;131567;2759;2763;2797;29216;31345;1094566;2788	Pyropia yezoensis	TRANSCRIPTOMIC	RNA-Seq	PACBIO_SMRT	163482	2020-07-03
2788.tsv:SRR10502266	PacBio RS II sequencing: SMRT of Pyropia yezoensis	2788	1;131567;2759;2763;2797;29216;31345;1094566;2788	Pyropia yezoensis	TRANSCRIPTOMIC	RNA-Seq	PACBIO_SMRT	163482	2020-07-03
2788.tsv:SRR10502264	PacBio RS II sequencing: SMRT of Pyropia yezoensis	2788	1;131567;2759;2763;2797;29216;31345;1094566;2788	Pyropia yezoensis	TRANSCRIPTOMIC	RNA-Seq	PACBIO_SMRT	163482	2020-07-03
280463.tsv:SRR17239049	PacBio RS II sequencing: Size-fractionated Iso-seq of Emiliania huxleyi AWI1516 - calcified cells 6h in light phase - Std cDNA protocol - size fraction 0-800bp - SMRT cell 2	280463	1;131567;2759;2608109;2830;2608131;73020;418966;2902;2903;280463	Emiliania huxleyi CCMP1516	TRANSCRIPTOMIC	FL-cDNA	PACBIO_SMRT	1981416	2023-05-10
280463.tsv:SRR17239050	PacBio RS II sequencing: Size-fractionated Iso-seq of Emiliania huxleyi AWI1516 - calcified cells 6h in light phase - Std cDNA protocol - size fraction 0-800bp - SMRT cell 1	280463	1;131567;2759;2608109;2830;2608131;73020;418966;2902;2903;280463	Emiliania huxleyi CCMP1516	TRANSCRIPTOMIC	FL-cDNA	PACBIO_SMRT	1633228	2023-05-20
280463.tsv:SRR17239055	PacBio RS II sequencing: Size-fractionated Iso-seq of Emiliania huxleyi AWI1516 - calcified cells 6h in light phase - Std cDNA protocol - size fraction 5000-10000bp - SMRT cell 2	280463	1;131567;2759;2608109;2830;2608131;73020;418966;2902;2903;280463	Emiliania huxleyi CCMP1516	TRANSCRIPTOMIC	FL-cDNA	PACBIO_SMRT	362730	2023-05-10
280463.tsv:SRR17239057	Sequel sequencing: Unfractionated Iso-seq of Emiliania huxleyi AWI1516 - calcified cells 6h in light phase - low Phosphate - Std cDNA protocol - SMRT cell 4	280463	1;131567;2759;2608109;2830;2608131;73020;418966;2902;2903;280463	Emiliania huxleyi CCMP1516	TRANSCRIPTOMIC	FL-cDNA	PACBIO_SMRT	22280020	2023-06-05
280463.tsv:SRR17239064	PacBio RS II sequencing: Size-fractionated Iso-seq of Emiliania huxleyi AWI1516 - calcified cells 6h in light phase - GC cDNA protocol - size fraction 1000-2500bp - SMRT cell 1	280463	1;131567;2759;2608109;2830;2608131;73020;418966;2902;2903;280463	Emiliania huxleyi CCMP1516	TRANSCRIPTOMIC	FL-cDNA	PACBIO_SMRT	1278089	2023-05-10
280463.tsv:SRR17239065	Sequel sequencing: Unfractionated Iso-seq of Emiliania huxleyi AWI1516 - calcified cells 6h in light phase - Std cDNA protocol - SMRT cell 6	280463	1;131567;2759;2608109;2830;2608131;73020;418966;2902;2903;280463	Emiliania huxleyi CCMP1516	TRANSCRIPTOMIC	FL-cDNA	PACBIO_SMRT	12500587	2023-05-10
280463.tsv:SRR17239066	Sequel sequencing: Unfractionated Iso-seq of Emiliania huxleyi AWI1516 - calcified cells 6h in light phase - Std cDNA protocol - SMRT cell 5	280463	1;131567;2759;2608109;2830;2608131;73020;418966;2902;2903;280463	Emiliania huxleyi CCMP1516	TRANSCRIPTOMIC	FL-cDNA	PACBIO_SMRT	16123267	2023-05-10
280463.tsv:SRR17239067	Sequel sequencing: Unfractionated Iso-seq of Emiliania huxleyi AWI1516 - calcified cells 6h in light phase - low Phosphate - Std cDNA protocol - SMRT cell 6	280463	1;131567;2759;2608109;2830;2608131;73020;418966;2902;2903;280463	Emiliania huxleyi CCMP1516	TRANSCRIPTOMIC	FL-cDNA	PACBIO_SMRT	14789238	2023-05-13
280463.tsv:SRR17239073	Sequel sequencing: Unfractionated Iso-seq of Emiliania huxleyi AWI1516 - calcified cells 6h in dark phase - Std cDNA protocol - SMRT cell 4	280463	1;131567;2759;2608109;2830;2608131;73020;418966;2902;2903;280463	Emiliania huxleyi CCMP1516	TRANSCRIPTOMIC	FL-cDNA	PACBIO_SMRT	17830503	2023-05-10
280463.tsv:SRR17239076	Sequel sequencing: Unfractionated Iso-seq of Emiliania huxleyi AWI1516 - calcified cells 6h in light phase - low Ca - Std cDNA protocol - SMRT cell 3	280463	1;131567;2759;2608109;2830;2608131;73020;418966;2902;2903;280463	Emiliania huxleyi CCMP1516	TRANSCRIPTOMIC	FL-cDNA	PACBIO_SMRT	16442231	2023-05-13
280463.tsv:SRR17239080	Sequel sequencing: Unfractionated Iso-seq of Emiliania huxleyi AWI1516 - calcified cells 6h in dark phase - Std cDNA protocol - SMRT cell 1	280463	1;131567;2759;2608109;2830;2608131;73020;418966;2902;2903;280463	Emiliania huxleyi CCMP1516	TRANSCRIPTOMIC	FL-cDNA	PACBIO_SMRT	18967384	2023-05-20
280463.tsv:SRR17239082	Sequel sequencing: Unfractionated Iso-seq of Emiliania huxleyi AWI1516 - calcified cells 6h in light phase - Std cDNA protocol - SMRT cell 3	280463	1;131567;2759;2608109;2830;2608131;73020;418966;2902;2903;280463	Emiliania huxleyi CCMP1516	TRANSCRIPTOMIC	FL-cDNA	PACBIO_SMRT	19796958	2023-05-10
280463.tsv:SRR17239083	PacBio RS II sequencing: Size-fractionated Iso-seq of Emiliania huxleyi AWI1516 - calcified cells 6h in light phase - Std cDNA protocol - size fraction 2000-3500bp - SMRT cell 4	280463	1;131567;2759;2608109;2830;2608131;73020;418966;2902;2903;280463	Emiliania huxleyi CCMP1516	TRANSCRIPTOMIC	FL-cDNA	PACBIO_SMRT	1014604	2023-05-10
280463.tsv:SRR17239085	PacBio RS II sequencing: Size-fractionated Iso-seq of Emiliania huxleyi AWI1516 - calcified cells 6h in light phase - Std cDNA protocol - size fraction 2000-3500bp - SMRT cell 2	280463	1;131567;2759;2608109;2830;2608131;73020;418966;2902;2903;280463	Emiliania huxleyi CCMP1516	TRANSCRIPTOMIC	FL-cDNA	PACBIO_SMRT	1297329	2023-06-05
280463.tsv:SRR17239090	PacBio RS II sequencing: Size-fractionated Iso-seq of Emiliania huxleyi AWI1516 - calcified cells 6h in light phase - Std cDNA protocol - size fraction 1500-3000bp - SMRT cell 2	280463	1;131567;2759;2608109;2830;2608131;73020;418966;2902;2903;280463	Emiliania huxleyi CCMP1516	TRANSCRIPTOMIC	FL-cDNA	PACBIO_SMRT	1098252	2023-05-10
280463.tsv:SRR17239094	PacBio RS II sequencing: Size-fractionated Iso-seq of Emiliania huxleyi AWI1516 - calcified cells 6h in light phase - Std cDNA protocol - size fraction 1000-2500bp - SMRT cell 3	280463	1;131567;2759;2608109;2830;2608131;73020;418966;2902;2903;280463	Emiliania huxleyi CCMP1516	TRANSCRIPTOMIC	FL-cDNA	PACBIO_SMRT	1672295	2023-05-10
280463.tsv:SRR17239095	PacBio RS II sequencing: Size-fractionated Iso-seq of Emiliania huxleyi AWI1516 - calcified cells 6h in light phase - Std cDNA protocol - size fraction 1000-2500bp - SMRT cell 2	280463	1;131567;2759;2608109;2830;2608131;73020;418966;2902;2903;280463	Emiliania huxleyi CCMP1516	TRANSCRIPTOMIC	FL-cDNA	PACBIO_SMRT	1728170	2023-05-10
280463.tsv:SRR17239099	PacBio RS II sequencing: Size-fractionated Iso-seq of Emiliania huxleyi AWI1516 - calcified cells 6h in light phase - Std cDNA protocol - size fraction 0-800bp - SMRT cell 2	280463	1;131567;2759;2608109;2830;2608131;73020;418966;2902;2903;280463	Emiliania huxleyi CCMP1516	TRANSCRIPTOMIC	FL-cDNA	PACBIO_SMRT	891299	2023-05-10
280463.tsv:SRR17239101	PacBio RS II sequencing: Size-fractionated Iso-seq of Emiliania huxleyi AWI1516 - calcified cells 6h in light phase - GC cDNA protocol - size fraction 5000-10000bp - SMRT cell 2	280463	1;131567;2759;2608109;2830;2608131;73020;418966;2902;2903;280463	Emiliania huxleyi CCMP1516	TRANSCRIPTOMIC	FL-cDNA	PACBIO_SMRT	219776	2023-05-10
280463.tsv:SRR17239102	PacBio RS II sequencing: Size-fractionated Iso-seq of Emiliania huxleyi AWI1516 - calcified cells 6h in light phase - GC cDNA protocol - size fraction 5000-10000bp - SMRT cell 1	280463	1;131567;2759;2608109;2830;2608131;73020;418966;2902;2903;280463	Emiliania huxleyi CCMP1516	TRANSCRIPTOMIC	FL-cDNA	PACBIO_SMRT	234183	2023-06-05
280463.tsv:SRR17239105	PacBio RS II sequencing: Size-fractionated Iso-seq of Emiliania huxleyi AWI1516 - calcified cells 6h in light phase - GC cDNA protocol - size fraction 3000-5000bp - SMRT cell 1	280463	1;131567;2759;2608109;2830;2608131;73020;418966;2902;2903;280463	Emiliania huxleyi CCMP1516	TRANSCRIPTOMIC	FL-cDNA	PACBIO_SMRT	437346	2023-05-10
280463.tsv:SRR17239106	PacBio RS II sequencing: Size-fractionated Iso-seq of Emiliania huxleyi AWI1516 - calcified cells 6h in light phase - GC cDNA protocol - size fraction 2000-3500bp - SMRT cell 5	280463	1;131567;2759;2608109;2830;2608131;73020;418966;2902;2903;280463	Emiliania huxleyi CCMP1516	TRANSCRIPTOMIC	FL-cDNA	PACBIO_SMRT	1678723	2023-05-13
280463.tsv:SRR17239109	PacBio RS II sequencing: Size-fractionated Iso-seq of Emiliania huxleyi AWI1516 - calcified cells 6h in light phase - GC cDNA protocol - size fraction 2000-3500bp - SMRT cell 2	280463	1;131567;2759;2608109;2830;2608131;73020;418966;2902;2903;280463	Emiliania huxleyi CCMP1516	TRANSCRIPTOMIC	FL-cDNA	PACBIO_SMRT	1735872	2023-05-20
280463.tsv:SRR17239110	PacBio RS II sequencing: Size-fractionated Iso-seq of Emiliania huxleyi AWI1516 - calcified cells 6h in light phase - GC cDNA protocol - size fraction 2000-3500bp - SMRT cell 1	280463	1;131567;2759;2608109;2830;2608131;73020;418966;2902;2903;280463	Emiliania huxleyi CCMP1516	TRANSCRIPTOMIC	FL-cDNA	PACBIO_SMRT	1793253	2023-05-10
280463.tsv:SRR17239113	PacBio RS II sequencing: Size-fractionated Iso-seq of Emiliania huxleyi AWI1516 - calcified cells 6h in light phase - GC cDNA protocol - size fraction 1500-3000bp - SMRT cell 4	280463	1;131567;2759;2608109;2830;2608131;73020;418966;2902;2903;280463	Emiliania huxleyi CCMP1516	TRANSCRIPTOMIC	FL-cDNA	PACBIO_SMRT	1248122	2023-05-10
280463.tsv:SRR17239114	PacBio RS II sequencing: Size-fractionated Iso-seq of Emiliania huxleyi AWI1516 - calcified cells 6h in light phase - GC cDNA protocol - size fraction 1000-2500bp - SMRT cell 3	280463	1;131567;2759;2608109;2830;2608131;73020;418966;2902;2903;280463	Emiliania huxleyi CCMP1516	TRANSCRIPTOMIC	FL-cDNA	PACBIO_SMRT	1101879	2023-06-05
280463.tsv:SRR17239116	PacBio RS II sequencing: Size-fractionated Iso-seq of Emiliania huxleyi AWI1516 - calcified cells 6h in light phase - GC cDNA protocol - size fraction 1500-3000bp - SMRT cell 2	280463	1;131567;2759;2608109;2830;2608131;73020;418966;2902;2903;280463	Emiliania huxleyi CCMP1516	TRANSCRIPTOMIC	FL-cDNA	PACBIO_SMRT	1515655	2023-05-13
280463.tsv:SRR17239118	Sequel sequencing: Unfractionated Iso-seq of Emiliania huxleyi AWI1516 - calcified cells 6h in dark phase - Std cDNA protocol - SMRT cell 3	280463	1;131567;2759;2608109;2830;2608131;73020;418966;2902;2903;280463	Emiliania huxleyi CCMP1516	TRANSCRIPTOMIC	FL-cDNA	PACBIO_SMRT	17327081	2023-05-10
280463.tsv:SRR17239044	Sequel sequencing: Unfractionated Iso-seq of Emiliania huxleyi AWI1516 - calcified cells 6h in light phase - Std cDNA protocol - SMRT cell 2	280463	1;131567;2759;2608109;2830;2608131;73020;418966;2902;2903;280463	Emiliania huxleyi CCMP1516	TRANSCRIPTOMIC	FL-cDNA	PACBIO_SMRT	13419015	2023-05-13
280463.tsv:SRR17239047	PacBio RS II sequencing: Size-fractionated Iso-seq of Emiliania huxleyi AWI1516 - calcified cells 6h in light phase - Std cDNA protocol - size fraction 0-800bp - SMRT cell 3	280463	1;131567;2759;2608109;2830;2608131;73020;418966;2902;2903;280463	Emiliania huxleyi CCMP1516	TRANSCRIPTOMIC	FL-cDNA	PACBIO_SMRT	2115843	2023-05-10
280463.tsv:SRR17239048	PacBio RS II sequencing: Size-fractionated Iso-seq of Emiliania huxleyi AWI1516 - calcified cells 6h in light phase - GC cDNA protocol - size fraction 1000-2500bp - SMRT cell 2	280463	1;131567;2759;2608109;2830;2608131;73020;418966;2902;2903;280463	Emiliania huxleyi CCMP1516	TRANSCRIPTOMIC	FL-cDNA	PACBIO_SMRT	1487948	2023-05-10
280463.tsv:SRR17239051	PacBio RS II sequencing: Size-fractionated Iso-seq of Emiliania huxleyi AWI1516 - calcified cells 6h in light phase - GC cDNA protocol - size fraction 1500-3000bp - SMRT cell 1	280463	1;131567;2759;2608109;2830;2608131;73020;418966;2902;2903;280463	Emiliania huxleyi CCMP1516	TRANSCRIPTOMIC	FL-cDNA	PACBIO_SMRT	1485753	2023-05-10
280463.tsv:SRR17239052	PacBio RS II sequencing: Size-fractionated Iso-seq of Emiliania huxleyi AWI1516 - calcified cells 6h in light phase - Std cDNA protocol - size fraction 5000-10000bp - SMRT cell 4	280463	1;131567;2759;2608109;2830;2608131;73020;418966;2902;2903;280463	Emiliania huxleyi CCMP1516	TRANSCRIPTOMIC	FL-cDNA	PACBIO_SMRT	269540	2023-05-10
280463.tsv:SRR17239053	PacBio RS II sequencing: Size-fractionated Iso-seq of Emiliania huxleyi AWI1516 - calcified cells 6h in light phase - Std cDNA protocol - size fraction 5000-10000bp - SMRT cell 3	280463	1;131567;2759;2608109;2830;2608131;73020;418966;2902;2903;280463	Emiliania huxleyi CCMP1516	TRANSCRIPTOMIC	FL-cDNA	PACBIO_SMRT	284056	2023-05-10
280463.tsv:SRR17239054	Sequel sequencing: Unfractionated Iso-seq of Emiliania huxleyi AWI1516 - calcified cells 6h in light phase - Std cDNA protocol - SMRT cell 4	280463	1;131567;2759;2608109;2830;2608131;73020;418966;2902;2903;280463	Emiliania huxleyi CCMP1516	TRANSCRIPTOMIC	FL-cDNA	PACBIO_SMRT	16195250	2023-05-20
280463.tsv:SRR17239060	Sequel sequencing: Unfractionated Iso-seq of Emiliania huxleyi AWI1516 - calcified cells 6h in dark phase - Std cDNA protocol - SMRT cell 5	280463	1;131567;2759;2608109;2830;2608131;73020;418966;2902;2903;280463	Emiliania huxleyi CCMP1516	TRANSCRIPTOMIC	FL-cDNA	PACBIO_SMRT	16002479	2023-05-10
280463.tsv:SRR17239061	PacBio RS II sequencing: Size-fractionated Iso-seq of Emiliania huxleyi AWI1516 - calcified cells 6h in light phase - Std cDNA protocol - size fraction 3000-5000bp - SMRT cell 2	280463	1;131567;2759;2608109;2830;2608131;73020;418966;2902;2903;280463	Emiliania huxleyi CCMP1516	TRANSCRIPTOMIC	FL-cDNA	PACBIO_SMRT	1038840	2023-05-13
280463.tsv:SRR17239062	PacBio RS II sequencing: Size-fractionated Iso-seq of Emiliania huxleyi AWI1516 - calcified cells 6h in light phase - Std cDNA protocol - size fraction 3000-5000bp - SMRT cell 1	280463	1;131567;2759;2608109;2830;2608131;73020;418966;2902;2903;280463	Emiliania huxleyi CCMP1516	TRANSCRIPTOMIC	FL-cDNA	PACBIO_SMRT	1045076	2023-05-13
280463.tsv:SRR17239069	PacBio RS II sequencing: Size-fractionated Iso-seq of Emiliania huxleyi AWI1516 - calcified cells 6h in light phase - GC cDNA protocol - size fraction 1000-2500bp - SMRT cell 4	280463	1;131567;2759;2608109;2830;2608131;73020;418966;2902;2903;280463	Emiliania huxleyi CCMP1516	TRANSCRIPTOMIC	FL-cDNA	PACBIO_SMRT	945278	2023-05-10
280463.tsv:SRR17239071	Sequel sequencing: Unfractionated Iso-seq of Emiliania huxleyi AWI1516 - calcified cells 6h in light phase - low Ca - Std cDNA protocol - SMRT cell 4	280463	1;131567;2759;2608109;2830;2608131;73020;418966;2902;2903;280463	Emiliania huxleyi CCMP1516	TRANSCRIPTOMIC	FL-cDNA	PACBIO_SMRT	13537599	2023-05-10
280463.tsv:SRR17239072	Sequel sequencing: Unfractionated Iso-seq of Emiliania huxleyi AWI1516 - calcified cells 6h in dark phase - Std cDNA protocol - SMRT cell 6	280463	1;131567;2759;2608109;2830;2608131;73020;418966;2902;2903;280463	Emiliania huxleyi CCMP1516	TRANSCRIPTOMIC	FL-cDNA	PACBIO_SMRT	16402620	2023-06-05
280463.tsv:SRR17239075	Sequel sequencing: Unfractionated Iso-seq of Emiliania huxleyi AWI1516 - calcified cells 6h in light phase - low Phosphate - Std cDNA protocol - SMRT cell 1	280463	1;131567;2759;2608109;2830;2608131;73020;418966;2902;2903;280463	Emiliania huxleyi CCMP1516	TRANSCRIPTOMIC	FL-cDNA	PACBIO_SMRT	18940411	2023-05-13
280463.tsv:SRR17239077	Sequel sequencing: Unfractionated Iso-seq of Emiliania huxleyi AWI1516 - calcified cells 6h in light phase - low Ca - Std cDNA protocol - SMRT cell 2	280463	1;131567;2759;2608109;2830;2608131;73020;418966;2902;2903;280463	Emiliania huxleyi CCMP1516	TRANSCRIPTOMIC	FL-cDNA	PACBIO_SMRT	20645366	2023-05-10
280463.tsv:SRR17239078	Sequel sequencing: Unfractionated Iso-seq of Emiliania huxleyi AWI1516 - calcified cells 6h in light phase - low Ca - Std cDNA protocol - SMRT cell 1	280463	1;131567;2759;2608109;2830;2608131;73020;418966;2902;2903;280463	Emiliania huxleyi CCMP1516	TRANSCRIPTOMIC	FL-cDNA	PACBIO_SMRT	18932254	2023-05-10
280463.tsv:SRR17239079	Sequel sequencing: Unfractionated Iso-seq of Emiliania huxleyi AWI1516 - calcified cells 6h in dark phase - Std cDNA protocol - SMRT cell 2	280463	1;131567;2759;2608109;2830;2608131;73020;418966;2902;2903;280463	Emiliania huxleyi CCMP1516	TRANSCRIPTOMIC	FL-cDNA	PACBIO_SMRT	14782115	2023-05-10
280463.tsv:SRR17239081	PacBio RS II sequencing: Size-fractionated Iso-seq of Emiliania huxleyi AWI1516 - calcified cells 6h in light phase - Std cDNA protocol - size fraction 2000-3500bp - SMRT cell 5	280463	1;131567;2759;2608109;2830;2608131;73020;418966;2902;2903;280463	Emiliania huxleyi CCMP1516	TRANSCRIPTOMIC	FL-cDNA	PACBIO_SMRT	819828	2023-05-13
280463.tsv:SRR17239084	PacBio RS II sequencing: Size-fractionated Iso-seq of Emiliania huxleyi AWI1516 - calcified cells 6h in light phase - Std cDNA protocol - size fraction 2000-3500bp - SMRT cell 3	280463	1;131567;2759;2608109;2830;2608131;73020;418966;2902;2903;280463	Emiliania huxleyi CCMP1516	TRANSCRIPTOMIC	FL-cDNA	PACBIO_SMRT	683879	2023-06-05
280463.tsv:SRR17239087	PacBio RS II sequencing: Size-fractionated Iso-seq of Emiliania huxleyi AWI1516 - calcified cells 6h in light phase - Std cDNA protocol - size fraction 1500-3000bp - SMRT cell 5	280463	1;131567;2759;2608109;2830;2608131;73020;418966;2902;2903;280463	Emiliania huxleyi CCMP1516	TRANSCRIPTOMIC	FL-cDNA	PACBIO_SMRT	1083869	2023-05-10
280463.tsv:SRR17239089	PacBio RS II sequencing: Size-fractionated Iso-seq of Emiliania huxleyi AWI1516 - calcified cells 6h in light phase - Std cDNA protocol - size fraction 1500-3000bp - SMRT cell 3	280463	1;131567;2759;2608109;2830;2608131;73020;418966;2902;2903;280463	Emiliania huxleyi CCMP1516	TRANSCRIPTOMIC	FL-cDNA	PACBIO_SMRT	1006380	2023-05-10
280463.tsv:SRR17239096	PacBio RS II sequencing: Size-fractionated Iso-seq of Emiliania huxleyi AWI1516 - calcified cells 6h in light phase - Std cDNA protocol - size fraction 1000-2500bp - SMRT cell 1	280463	1;131567;2759;2608109;2830;2608131;73020;418966;2902;2903;280463	Emiliania huxleyi CCMP1516	TRANSCRIPTOMIC	FL-cDNA	PACBIO_SMRT	1132359	2023-05-10
280463.tsv:SRR17239100	PacBio RS II sequencing: Size-fractionated Iso-seq of Emiliania huxleyi AWI1516 - calcified cells 6h in light phase - Std cDNA protocol - size fraction 0-800bp - SMRT cell 1	280463	1;131567;2759;2608109;2830;2608131;73020;418966;2902;2903;280463	Emiliania huxleyi CCMP1516	TRANSCRIPTOMIC	FL-cDNA	PACBIO_SMRT	1210111	2023-05-10
280463.tsv:SRR17239104	PacBio RS II sequencing: Size-fractionated Iso-seq of Emiliania huxleyi AWI1516 - calcified cells 6h in light phase - GC cDNA protocol - size fraction 3000-5000bp - SMRT cell 2	280463	1;131567;2759;2608109;2830;2608131;73020;418966;2902;2903;280463	Emiliania huxleyi CCMP1516	TRANSCRIPTOMIC	FL-cDNA	PACBIO_SMRT	388580	2023-06-05
280463.tsv:SRR17239107	PacBio RS II sequencing: Size-fractionated Iso-seq of Emiliania huxleyi AWI1516 - calcified cells 6h in light phase - GC cDNA protocol - size fraction 2000-3500bp - SMRT cell 4	280463	1;131567;2759;2608109;2830;2608131;73020;418966;2902;2903;280463	Emiliania huxleyi CCMP1516	TRANSCRIPTOMIC	FL-cDNA	PACBIO_SMRT	1587366	2023-05-10
280463.tsv:SRR17239111	Sequel sequencing: Unfractionated Iso-seq of Emiliania huxleyi AWI1516 - calcified cells 6h in light phase - low Ca - Std cDNA protocol - SMRT cell 5	280463	1;131567;2759;2608109;2830;2608131;73020;418966;2902;2903;280463	Emiliania huxleyi CCMP1516	TRANSCRIPTOMIC	FL-cDNA	PACBIO_SMRT	16975879	2023-05-10
280463.tsv:SRR17239117	PacBio RS II sequencing: Size-fractionated Iso-seq of Emiliania huxleyi AWI1516 - calcified cells 6h in light phase - GC cDNA protocol - size fraction 0-800bp - SMRT cell 2	280463	1;131567;2759;2608109;2830;2608131;73020;418966;2902;2903;280463	Emiliania huxleyi CCMP1516	TRANSCRIPTOMIC	FL-cDNA	PACBIO_SMRT	1084838	2023-05-10
280463.tsv:SRR17239045	Sequel sequencing: Unfractionated Iso-seq of Emiliania huxleyi AWI1516 - calcified cells 6h in light phase - Std cDNA protocol - SMRT cell 1	280463	1;131567;2759;2608109;2830;2608131;73020;418966;2902;2903;280463	Emiliania huxleyi CCMP1516	TRANSCRIPTOMIC	FL-cDNA	PACBIO_SMRT	17322364	2023-05-10
280463.tsv:SRR17239046	PacBio RS II sequencing: Size-fractionated Iso-seq of Emiliania huxleyi AWI1516 - calcified cells 6h in light phase - Std cDNA protocol - size fraction 0-800bp - SMRT cell 4	280463	1;131567;2759;2608109;2830;2608131;73020;418966;2902;2903;280463	Emiliania huxleyi CCMP1516	TRANSCRIPTOMIC	FL-cDNA	PACBIO_SMRT	2177432	2023-05-10
280463.tsv:SRR17239056	PacBio RS II sequencing: Size-fractionated Iso-seq of Emiliania huxleyi AWI1516 - calcified cells 6h in light phase - Std cDNA protocol - size fraction 5000-10000bp - SMRT cell 1	280463	1;131567;2759;2608109;2830;2608131;73020;418966;2902;2903;280463	Emiliania huxleyi CCMP1516	TRANSCRIPTOMIC	FL-cDNA	PACBIO_SMRT	326873	2023-05-10
280463.tsv:SRR17239058	PacBio RS II sequencing: Size-fractionated Iso-seq of Emiliania huxleyi AWI1516 - calcified cells 6h in light phase - Std cDNA protocol - size fraction 3000-5000bp - SMRT cell 4	280463	1;131567;2759;2608109;2830;2608131;73020;418966;2902;2903;280463	Emiliania huxleyi CCMP1516	TRANSCRIPTOMIC	FL-cDNA	PACBIO_SMRT	1215889	2023-05-13
280463.tsv:SRR17239059	PacBio RS II sequencing: Size-fractionated Iso-seq of Emiliania huxleyi AWI1516 - calcified cells 6h in light phase - Std cDNA protocol - size fraction 3000-5000bp - SMRT cell 3	280463	1;131567;2759;2608109;2830;2608131;73020;418966;2902;2903;280463	Emiliania huxleyi CCMP1516	TRANSCRIPTOMIC	FL-cDNA	PACBIO_SMRT	1142979	2023-05-10
280463.tsv:SRR17239063	Sequel sequencing: Unfractionated Iso-seq of Emiliania huxleyi AWI1516 - calcified cells 6h in light phase - low Phosphate - Std cDNA protocol - SMRT cell 2	280463	1;131567;2759;2608109;2830;2608131;73020;418966;2902;2903;280463	Emiliania huxleyi CCMP1516	TRANSCRIPTOMIC	FL-cDNA	PACBIO_SMRT	19474508	2023-05-13
280463.tsv:SRR17239068	Sequel sequencing: Unfractionated Iso-seq of Emiliania huxleyi AWI1516 - calcified cells 6h in light phase - low Phosphate - Std cDNA protocol - SMRT cell 5	280463	1;131567;2759;2608109;2830;2608131;73020;418966;2902;2903;280463	Emiliania huxleyi CCMP1516	TRANSCRIPTOMIC	FL-cDNA	PACBIO_SMRT	16367906	2023-05-10
280463.tsv:SRR17239070	Sequel sequencing: Unfractionated Iso-seq of Emiliania huxleyi AWI1516 - calcified cells 6h in light phase - low Ca - Std cDNA protocol - SMRT cell 6	280463	1;131567;2759;2608109;2830;2608131;73020;418966;2902;2903;280463	Emiliania huxleyi CCMP1516	TRANSCRIPTOMIC	FL-cDNA	PACBIO_SMRT	9363322	2023-06-05
280463.tsv:SRR17239074	Sequel sequencing: Unfractionated Iso-seq of Emiliania huxleyi AWI1516 - calcified cells 6h in light phase - low Phosphate - Std cDNA protocol - SMRT cell 3	280463	1;131567;2759;2608109;2830;2608131;73020;418966;2902;2903;280463	Emiliania huxleyi CCMP1516	TRANSCRIPTOMIC	FL-cDNA	PACBIO_SMRT	15923616	2023-05-10
280463.tsv:SRR17239086	PacBio RS II sequencing: Size-fractionated Iso-seq of Emiliania huxleyi AWI1516 - calcified cells 6h in light phase - Std cDNA protocol - size fraction 2000-3500bp - SMRT cell 1	280463	1;131567;2759;2608109;2830;2608131;73020;418966;2902;2903;280463	Emiliania huxleyi CCMP1516	TRANSCRIPTOMIC	FL-cDNA	PACBIO_SMRT	1293893	2023-06-05
280463.tsv:SRR17239088	PacBio RS II sequencing: Size-fractionated Iso-seq of Emiliania huxleyi AWI1516 - calcified cells 6h in light phase - Std cDNA protocol - size fraction 1500-3000bp - SMRT cell 4	280463	1;131567;2759;2608109;2830;2608131;73020;418966;2902;2903;280463	Emiliania huxleyi CCMP1516	TRANSCRIPTOMIC	FL-cDNA	PACBIO_SMRT	1020716	2023-05-10
280463.tsv:SRR17239091	PacBio RS II sequencing: Size-fractionated Iso-seq of Emiliania huxleyi AWI1516 - calcified cells 6h in light phase - Std cDNA protocol - size fraction 1500-3000bp - SMRT cell 1	280463	1;131567;2759;2608109;2830;2608131;73020;418966;2902;2903;280463	Emiliania huxleyi CCMP1516	TRANSCRIPTOMIC	FL-cDNA	PACBIO_SMRT	1213793	2023-05-10
280463.tsv:SRR17239092	PacBio RS II sequencing: Size-fractionated Iso-seq of Emiliania huxleyi AWI1516 - calcified cells 6h in light phase - GC cDNA protocol - size fraction 0-800bp - SMRT cell 4	280463	1;131567;2759;2608109;2830;2608131;73020;418966;2902;2903;280463	Emiliania huxleyi CCMP1516	TRANSCRIPTOMIC	FL-cDNA	PACBIO_SMRT	830581	2023-05-10
280463.tsv:SRR17239093	PacBio RS II sequencing: Size-fractionated Iso-seq of Emiliania huxleyi AWI1516 - calcified cells 6h in light phase - Std cDNA protocol - size fraction 1000-2500bp - SMRT cell 4	280463	1;131567;2759;2608109;2830;2608131;73020;418966;2902;2903;280463	Emiliania huxleyi CCMP1516	TRANSCRIPTOMIC	FL-cDNA	PACBIO_SMRT	1587505	2023-06-05
280463.tsv:SRR17239097	PacBio RS II sequencing: Size-fractionated Iso-seq of Emiliania huxleyi AWI1516 - calcified cells 6h in light phase - Std cDNA protocol - size fraction 0-800bp - SMRT cell 4	280463	1;131567;2759;2608109;2830;2608131;73020;418966;2902;2903;280463	Emiliania huxleyi CCMP1516	TRANSCRIPTOMIC	FL-cDNA	PACBIO_SMRT	1151205	2023-05-13
280463.tsv:SRR17239098	PacBio RS II sequencing: Size-fractionated Iso-seq of Emiliania huxleyi AWI1516 - calcified cells 6h in light phase - Std cDNA protocol - size fraction 0-800bp - SMRT cell 3	280463	1;131567;2759;2608109;2830;2608131;73020;418966;2902;2903;280463	Emiliania huxleyi CCMP1516	TRANSCRIPTOMIC	FL-cDNA	PACBIO_SMRT	1221406	2023-05-13
280463.tsv:SRR17239103	PacBio RS II sequencing: Size-fractionated Iso-seq of Emiliania huxleyi AWI1516 - calcified cells 6h in light phase - GC cDNA protocol - size fraction 0-800bp - SMRT cell 3	280463	1;131567;2759;2608109;2830;2608131;73020;418966;2902;2903;280463	Emiliania huxleyi CCMP1516	TRANSCRIPTOMIC	FL-cDNA	PACBIO_SMRT	868646	2023-05-10
280463.tsv:SRR17239108	PacBio RS II sequencing: Size-fractionated Iso-seq of Emiliania huxleyi AWI1516 - calcified cells 6h in light phase - GC cDNA protocol - size fraction 2000-3500bp - SMRT cell 3	280463	1;131567;2759;2608109;2830;2608131;73020;418966;2902;2903;280463	Emiliania huxleyi CCMP1516	TRANSCRIPTOMIC	FL-cDNA	PACBIO_SMRT	1497846	2023-06-05
280463.tsv:SRR17239112	PacBio RS II sequencing: Size-fractionated Iso-seq of Emiliania huxleyi AWI1516 - calcified cells 6h in light phase - GC cDNA protocol - size fraction 1500-3000bp - SMRT cell 5	280463	1;131567;2759;2608109;2830;2608131;73020;418966;2902;2903;280463	Emiliania huxleyi CCMP1516	TRANSCRIPTOMIC	FL-cDNA	PACBIO_SMRT	1273564	2023-05-20
280463.tsv:SRR17239115	PacBio RS II sequencing: Size-fractionated Iso-seq of Emiliania huxleyi AWI1516 - calcified cells 6h in light phase - GC cDNA protocol - size fraction 1500-3000bp - SMRT cell 3	280463	1;131567;2759;2608109;2830;2608131;73020;418966;2902;2903;280463	Emiliania huxleyi CCMP1516	TRANSCRIPTOMIC	FL-cDNA	PACBIO_SMRT	1450487	2023-05-10
280463.tsv:SRR17239119	PacBio RS II sequencing: Size-fractionated Iso-seq of Emiliania huxleyi AWI1516 - calcified cells 6h in light phase - GC cDNA protocol - size fraction 0-800bp - SMRT cell 1	280463	1;131567;2759;2608109;2830;2608131;73020;418966;2902;2903;280463	Emiliania huxleyi CCMP1516	TRANSCRIPTOMIC	FL-cDNA	PACBIO_SMRT	1184590	2023-05-10
280699.tsv:SRR17110017	Sequel II sequencing: PacBio RNA-seq of Cyanidioschyzon merolae strain 10D: Low Nitrogen (polyA-treated, rRNA-depleted)	280699	1;131567;2759;2763;2797;265318;265316;45156;45157;280699	Cyanidioschyzon merolae strain 10D	TRANSCRIPTOMIC	RNA-Seq	PACBIO_SMRT	1195714	2022-04-14
280699.tsv:SRR17110020	Sequel II sequencing: PacBio RNA-seq of Cyanidioschyzon merolae strain 10D: Rich Media (standard)	280699	1;131567;2759;2763;2797;265318;265316;45156;45157;280699	Cyanidioschyzon merolae strain 10D	TRANSCRIPTOMIC	RNA-Seq	PACBIO_SMRT	920241	2022-04-14
280699.tsv:SRR17110018	Sequel II sequencing: PacBio RNA-seq of Cyanidioschyzon merolae strain 10D: Low Nitrogen (standard)	280699	1;131567;2759;2763;2797;265318;265316;45156;45157;280699	Cyanidioschyzon merolae strain 10D	TRANSCRIPTOMIC	RNA-Seq	PACBIO_SMRT	525175	2022-04-14
280699.tsv:SRR17110019	Sequel II sequencing: PacBio RNA-seq of Cyanidioschyzon merolae strain 10D: Rich Media (polyA-treated, rRNA-depleted)	280699	1;131567;2759;2763;2797;265318;265316;45156;45157;280699	Cyanidioschyzon merolae strain 10D	TRANSCRIPTOMIC	RNA-Seq	PACBIO_SMRT	1319307	2022-04-14
2829.tsv:SRR22319338	PacBio RS II sequencing: RNA-Seq of Heterosigma akashiwo	2829	1;131567;2759;2698737;33634;2696291;38410;658125;658124;2828;2829	Heterosigma akashiwo	TRANSCRIPTOMIC	FL-cDNA	PACBIO_SMRT	42211764	2022-11-29
2850.tsv:SRR23532260	PromethION sequencing: RNA-seq of Phaeodactylum tricornutum	2850	1;131567;2759;2698737;33634;2696291;2836;33849;33850;38748;38749;2849;2850	Phaeodactylum tricornutum	TRANSCRIPTOMIC	FL-cDNA	OXFORD_NANOPORE	3215200	2023-02-27
2850.tsv:SRR23532261	PromethION sequencing: RNA-seq of Phaeodactylum tricornutum	2850	1;131567;2759;2698737;33634;2696291;2836;33849;33850;38748;38749;2849;2850	Phaeodactylum tricornutum	TRANSCRIPTOMIC	FL-cDNA	OXFORD_NANOPORE	2593122	2023-02-27
2850.tsv:SRR23532257	PromethION sequencing: RNA-seq of Phaeodactylum tricornutum	2850	1;131567;2759;2698737;33634;2696291;2836;33849;33850;38748;38749;2849;2850	Phaeodactylum tricornutum	TRANSCRIPTOMIC	FL-cDNA	OXFORD_NANOPORE	4049681	2023-02-27
2850.tsv:SRR23532262	PromethION sequencing: RNA-seq of Phaeodactylum tricornutum	2850	1;131567;2759;2698737;33634;2696291;2836;33849;33850;38748;38749;2849;2850	Phaeodactylum tricornutum	TRANSCRIPTOMIC	FL-cDNA	OXFORD_NANOPORE	4745265	2023-02-27
2850.tsv:SRR23532258	PromethION sequencing: RNA-seq of Phaeodactylum tricornutum	2850	1;131567;2759;2698737;33634;2696291;2836;33849;33850;38748;38749;2849;2850	Phaeodactylum tricornutum	TRANSCRIPTOMIC	FL-cDNA	OXFORD_NANOPORE	3930260	2023-02-27
2850.tsv:SRR23532259	PromethION sequencing: RNA-seq of Phaeodactylum tricornutum	2850	1;131567;2759;2698737;33634;2696291;2836;33849;33850;38748;38749;2849;2850	Phaeodactylum tricornutum	TRANSCRIPTOMIC	FL-cDNA	OXFORD_NANOPORE	3146996	2023-02-27
2856.tsv:SRR28848014	Sequel II sequencing: PacBio IsoSeq of C. closterium UGA4 from the outer shelf of the South Atlantic Bight: 24hr iron amendment	2856	1;131567;2759;2698737;33634;2696291;2836;33849;33850;33851;33852;2852;2856	Cylindrotheca closterium	TRANSCRIPTOMIC	RNA-Seq	PACBIO_SMRT	555202	2024-08-31
2856.tsv:SRR28848015	Sequel II sequencing: PacBio IsoSeq of C. closterium UGA8 from the inner shelf of the South Atlantic Bight: 24hr iron amendment	2856	1;131567;2759;2698737;33634;2696291;2836;33849;33850;33851;33852;2852;2856	Cylindrotheca closterium	TRANSCRIPTOMIC	RNA-Seq	PACBIO_SMRT	7577	2024-08-31
2972.tsv:SRR14432460	MinION sequencing: RNAseq of Pyrocystis lunula: 2h after dusk+shaking	2972	1;131567;2759;2698737;33630;2864;40984;1573500;2971;2972	Pyrocystis lunula	TRANSCRIPTOMIC	RNA-Seq	OXFORD_NANOPORE	194229	2021-05-21
2996.tsv:ERR2869478	PacBio RS sequencing	2996	1;131567;2759;2698737;33634;2696291;2825;420604;98655;2995;2996	Hydrurus foetidus	TRANSCRIPTOMIC	RNA-Seq	PACBIO_SMRT	41505	2019-03-29
2996.tsv:ERR2869481	PacBio RS sequencing	2996	1;131567;2759;2698737;33634;2696291;2825;420604;98655;2995;2996	Hydrurus foetidus	TRANSCRIPTOMIC	RNA-Seq	PACBIO_SMRT	9179	2019-03-29
2996.tsv:ERR2869483	PacBio RS sequencing	2996	1;131567;2759;2698737;33634;2696291;2825;420604;98655;2995;2996	Hydrurus foetidus	TRANSCRIPTOMIC	RNA-Seq	PACBIO_SMRT	34205	2019-03-29
2996.tsv:ERR2869484	PacBio RS sequencing	2996	1;131567;2759;2698737;33634;2696291;2825;420604;98655;2995;2996	Hydrurus foetidus	TRANSCRIPTOMIC	RNA-Seq	PACBIO_SMRT	11131	2019-03-29
2996.tsv:ERR2882521	PacBio RS sequencing	2996	1;131567;2759;2698737;33634;2696291;2825;420604;98655;2995;2996	Hydrurus foetidus	TRANSCRIPTOMIC	RNA-Seq	PACBIO_SMRT	7299	2019-03-29
2996.tsv:ERR2869477	PacBio RS sequencing	2996	1;131567;2759;2698737;33634;2696291;2825;420604;98655;2995;2996	Hydrurus foetidus	TRANSCRIPTOMIC	RNA-Seq	PACBIO_SMRT	39280	2019-03-29
3028027.tsv:SRR19760108	Sequel sequencing: Galdieria sulphuraria 108.79 E11 PacBio Iso-Seq	3028027	1;131567;2759;2763;2797;3039357;3039359;83373;3028027	Galdieria yellowstonensis	TRANSCRIPTOMIC	RNA-Seq	PACBIO_SMRT	21609	2022-11-08
3039.tsv:SRR30560968	Sequel IIe sequencing: mRNA-seq (PacBio Isoseq) of Euglena glacilis strain Z	3039	1;131567;2759;2611352;33682;3035;2570567;2704141;86650;1131320;3038;3039	Euglena gracilis	TRANSCRIPTOMIC	FL-cDNA	PACBIO_SMRT	2732811	2025-09-21
3039.tsv:SRR22800948	Sequel sequencing: Full-length transcriptomic RNAseq of E. gracilis	3039	1;131567;2759;2611352;33682;3035;2570567;2704141;86650;1131320;3038;3039	Euglena gracilis	TRANSCRIPTOMIC	RNA-Seq	PACBIO_SMRT	23790770	2025-01-02
3046.tsv:SRR8552788	PacBio RS sequencing: RNA-Seq of Dunaliella salina	3046	1;131567;2759;33090;3041;2692248;3166;2812636;3042;3043;3044;3046	Dunaliella salina	TRANSCRIPTOMIC	RNA-Seq	PACBIO_SMRT	420416	2020-01-06
3046.tsv:SRR24055089	Sequel II sequencing: Dunaliella salina Bardawil Iso-Seq	3046	1;131567;2759;33090;3041;2692248;3166;2812636;3042;3043;3044;3046	Dunaliella salina	TRANSCRIPTOMIC	FL-cDNA	PACBIO_SMRT	7403211	2023-07-01
3055.tsv:SRR12885578	Sequel II sequencing: PacBio sequel sequencing of Chlamydomonas reinhardtii transcriptome library	3055	1;131567;2759;33090;3041;2692248;3166;2812636;3042;3051;3052;3055	Chlamydomonas reinhardtii	TRANSCRIPTOMIC	RNA-Seq	PACBIO_SMRT	92023005	2020-10-29
3055.tsv:SRR22231699	Sequel II sequencing: PacBio Isoseq of Chlamydomonas reinhardtii: strain CC-124	3055	1;131567;2759;33090;3041;2692248;3166;2812636;3042;3051;3052;3055	Chlamydomonas reinhardtii	TRANSCRIPTOMIC	RNA-Seq	PACBIO_SMRT	491202	2022-11-09
3055.tsv:SRR12880040	Sequel II sequencing: PacBio sequel sequencing of Chlamydomonas reinhardtii transcriptome library	3055	1;131567;2759;33090;3041;2692248;3166;2812636;3042;3051;3052;3055	Chlamydomonas reinhardtii	TRANSCRIPTOMIC	RNA-Seq	PACBIO_SMRT	143488065	2020-10-24
3055.tsv:SRR26617427	MinION sequencing: GSM7873786: Chlamydomonas_Nanopore_dRNAseq Chlamydomonas reinhardtii RNA-Seq	3055	1;131567;2759;33090;3041;2692248;3166;2812636;3042;3051;3052;3055	Chlamydomonas reinhardtii	TRANSCRIPTOMIC	RNA-Seq	OXFORD_NANOPORE	985882	2025-05-12
3055.tsv:SRR30142605	MinION sequencing: GSM8442109: Chlamydomonas_Nanopore_dRNAseq used for SingleMod training Chlamydomonas reinhardtii RNA-Seq	3055	1;131567;2759;33090;3041;2692248;3166;2812636;3042;3051;3052;3055	Chlamydomonas reinhardtii	TRANSCRIPTOMIC	RNA-Seq	OXFORD_NANOPORE	818057	2025-05-13
3076.tsv:SRR16092949	MinION sequencing: Ultra-long-read Nanopore sequencing of Chlorella sorokiniana SLA-04 mRNA: Axenic culture	3076	1;131567;2759;33090;3041;2692248;75966;35460;35461;2511126;3071;3076	Chlorella sorokiniana	TRANSCRIPTOMIC	RNA-Seq	OXFORD_NANOPORE	932590	2022-09-24
3088.tsv:SRR35147574	Sequel II sequencing: Tetradesmus obliquus UTEX72 Transcriptome	3088	1;131567;2759;33090;3041;2692248;3166;2812636;35491;3086;91192;3088	Tetradesmus obliquus	TRANSCRIPTOMIC	RNA-Seq	PACBIO_SMRT	767775	2025-08-28
3088.tsv:SRR35147575	Sequel II sequencing: Tetradesmus obliquus UTEX72 Transcriptome	3088	1;131567;2759;33090;3041;2692248;3166;2812636;35491;3086;91192;3088	Tetradesmus obliquus	TRANSCRIPTOMIC	RNA-Seq	PACBIO_SMRT	1049547	2025-08-28
323732.tsv:SRR18902718	Sequel II sequencing: PacBio Iso-Seq	323732	1;131567;2759;2698737;33630;5794;422676;5863;32594;5864;323732	Babesia duncani	TRANSCRIPTOMIC	RNA-Seq	PACBIO_SMRT	46135	2023-02-27
3470061.tsv:SRR37082795	Revio sequencing: P2	3470061	1;131567;2759;2698737;33634;4762;3418804;121069;4782;4797;228096;3470061	Pythium sp. B7052-1	TRANSCRIPTOMIC	RNA-Seq	PACBIO_SMRT	2432146	2026-02-11
36329.tsv:SRR18188665	MinION sequencing: GSM5929209: Mixed intraerythrocytic stage total RNA Plasmodium falciparum 3D7 RNA-Seq	36329	1;131567;2759;2698737;33630;5794;422676;5819;1639119;5820;418107;5833;36329	Plasmodium falciparum 3D7	TRANSCRIPTOMIC	RNA-Seq	OXFORD_NANOPORE	1434309	2022-11-02
36329.tsv:SRR18188666	MinION sequencing: GSM5929209: Mixed intraerythrocytic stage total RNA Plasmodium falciparum 3D7 RNA-Seq	36329	1;131567;2759;2698737;33630;5794;422676;5819;1639119;5820;418107;5833;36329	Plasmodium falciparum 3D7	TRANSCRIPTOMIC	RNA-Seq	OXFORD_NANOPORE	82078	2022-11-02
36329.tsv:ERR2282005	PacBio RS sequencing	36329	1;131567;2759;2698737;33630;5794;422676;5819;1639119;5820;418107;5833;36329	Plasmodium falciparum 3D7	TRANSCRIPTOMIC	RNA-Seq	PACBIO_SMRT	0	2018-02-05
36329.tsv:ERR2282006	PacBio RS sequencing	36329	1;131567;2759;2698737;33630;5794;422676;5819;1639119;5820;418107;5833;36329	Plasmodium falciparum 3D7	TRANSCRIPTOMIC	RNA-Seq	PACBIO_SMRT	0	2018-02-05
36329.tsv:ERR2282007	PacBio RS sequencing	36329	1;131567;2759;2698737;33630;5794;422676;5819;1639119;5820;418107;5833;36329	Plasmodium falciparum 3D7	TRANSCRIPTOMIC	RNA-Seq	PACBIO_SMRT	0	2018-02-05
36329.tsv:ERR2282008	PacBio RS sequencing	36329	1;131567;2759;2698737;33630;5794;422676;5819;1639119;5820;418107;5833;36329	Plasmodium falciparum 3D7	TRANSCRIPTOMIC	RNA-Seq	PACBIO_SMRT	0	2018-02-05
36329.tsv:SRR11094274	MinION sequencing: P. falciparum (3D7) mixed asexual erythrocytic stage mRNA	36329	1;131567;2759;2698737;33630;5794;422676;5819;1639119;5820;418107;5833;36329	Plasmodium falciparum 3D7	TRANSCRIPTOMIC	RNA-Seq	OXFORD_NANOPORE	456098	2020-02-19
36330.tsv:ERR10446185	Sequel II sequencing	36330	1;131567;2759;2698737;33630;5794;422676;5819;1639119;5820;418103;36330	Plasmodium ovale	TRANSCRIPTOMIC SINGLE CELL	RNA-Seq	PACBIO_SMRT	3275893	2022-10-31
36330.tsv:ERR10446186	Sequel II sequencing	36330	1;131567;2759;2698737;33630;5794;422676;5819;1639119;5820;418103;36330	Plasmodium ovale	TRANSCRIPTOMIC SINGLE CELL	RNA-Seq	PACBIO_SMRT	6461150	2022-10-31
37099.tsv:SRR16606040	Sequel sequencing: full-length transcriptome library of Isochrysis galbana under different phosphorus conditions	37099	1;131567;2759;2608109;2830;2608131;73020;418951;37098;37099	Isochrysis galbana	TRANSCRIPTOMIC	RNA-Seq	PACBIO_SMRT	52412	2021-11-02
37318.tsv:SRR33234456	Sequel II sequencing: RNA-Seq of P. pungens	37318	1;131567;2759;2698737;33634;2696291;2836;33849;33850;33851;33852;41953;37318	Pseudo-nitzschia pungens	TRANSCRIPTOMIC	RNA-Seq	PACBIO_SMRT	26845697	2025-04-23
37319.tsv:SRR33234455	Sequel II sequencing: RNA-Seq of P. multiseries	37319	1;131567;2759;2698737;33634;2696291;2836;33849;33850;33851;33852;41953;37319	Pseudo-nitzschia multiseries	TRANSCRIPTOMIC	RNA-Seq	PACBIO_SMRT	18998382	2025-04-23
38833.tsv:SRR36103519	PromethION sequencing: R2C2 sequencing of Micromonas pusilla mRNA	38833	1;131567;2759;33090;3041;1035538;13792;41873;38832;38833	Micromonas pusilla	TRANSCRIPTOMIC	RNA-Seq	OXFORD_NANOPORE	17751	2025-11-29
38833.tsv:SRR36103517	PromethION sequencing: R2C2 sequencing of Micromonas pusilla mRNA	38833	1;131567;2759;33090;3041;1035538;13792;41873;38832;38833	Micromonas pusilla	TRANSCRIPTOMIC	RNA-Seq	OXFORD_NANOPORE	20822	2025-11-29
38833.tsv:SRR36103518	PromethION sequencing: R2C2 sequencing of Micromonas pusilla mRNA	38833	1;131567;2759;33090;3041;1035538;13792;41873;38832;38833	Micromonas pusilla	TRANSCRIPTOMIC	RNA-Seq	OXFORD_NANOPORE	32397	2025-11-29
38833.tsv:SRR36103520	PromethION sequencing: R2C2 sequencing of Micromonas pusilla mRNA	38833	1;131567;2759;33090;3041;1035538;13792;41873;38832;38833	Micromonas pusilla	TRANSCRIPTOMIC	RNA-Seq	OXFORD_NANOPORE	17759	2025-11-29
42890.tsv:SRR30909100	Sequel II sequencing: Pacbio Isoseq - Transcriptome - SN3_V2_Schizonts	42890	1;131567;2759;2698737;33630;5794;1280412;5796;75739;423054;5809;5812;42890	Sarcocystis neurona	TRANSCRIPTOMIC	RNA-Seq	PACBIO_SMRT	1124411	2026-02-22
42890.tsv:SRR30909103	Sequel II sequencing: Pacbio Isoseq - Transcriptome - SN3_V2_Merozoites	42890	1;131567;2759;2698737;33630;5794;1280412;5796;75739;423054;5809;5812;42890	Sarcocystis neurona	TRANSCRIPTOMIC	RNA-Seq	PACBIO_SMRT	1028353	2026-02-22
44447.tsv:SRR33234457	Sequel II sequencing: RNA-Seq of P. delicatissima	44447	1;131567;2759;2698737;33634;2696291;2836;33849;33850;33851;33852;41953;44447	Pseudo-nitzschia delicatissima	TRANSCRIPTOMIC	RNA-Seq	PACBIO_SMRT	16219308	2025-04-23
44745.tsv:SRR33607344	Sequel II sequencing: Haematococcus lacustris Liv1 Transcriptome	44745	1;131567;2759;33090;3041;2692248;3166;2812636;3042;35484;44744;44745	Haematococcus lacustris	TRANSCRIPTOMIC	RNA-Seq	PACBIO_SMRT	734383	2025-05-18
44745.tsv:SRR33607346	Sequel II sequencing: Haematococcus lacustris Liv1 Transcriptome	44745	1;131567;2759;33090;3041;2692248;3166;2812636;3042;35484;44744;44745	Haematococcus lacustris	TRANSCRIPTOMIC	RNA-Seq	PACBIO_SMRT	1396932	2025-05-18
44745.tsv:SRR33607340	Sequel II sequencing: Haematococcus lacustris Liv1 Transcriptome	44745	1;131567;2759;33090;3041;2692248;3166;2812636;3042;35484;44744;44745	Haematococcus lacustris	TRANSCRIPTOMIC	RNA-Seq	PACBIO_SMRT	1469146	2025-05-18
44745.tsv:SRR33607341	Sequel II sequencing: Haematococcus lacustris Liv1 Transcriptome	44745	1;131567;2759;33090;3041;2692248;3166;2812636;3042;35484;44744;44745	Haematococcus lacustris	TRANSCRIPTOMIC	RNA-Seq	PACBIO_SMRT	700430	2025-05-18
44745.tsv:SRR6816386	Sequel sequencing: Full-length transcript for Hp	44745	1;131567;2759;33090;3041;2692248;3166;2812636;3042;35484;44744;44745	Haematococcus lacustris	TRANSCRIPTOMIC	RNA-Seq	PACBIO_SMRT	28950	2019-10-18
44745.tsv:SRR33607339	Sequel II sequencing: Haematococcus lacustris Liv1 Transcriptome	44745	1;131567;2759;33090;3041;2692248;3166;2812636;3042;35484;44744;44745	Haematococcus lacustris	TRANSCRIPTOMIC	RNA-Seq	PACBIO_SMRT	659517	2025-05-18
44745.tsv:SRR33607342	Sequel II sequencing: Haematococcus lacustris Liv1 Transcriptome	44745	1;131567;2759;33090;3041;2692248;3166;2812636;3042;35484;44744;44745	Haematococcus lacustris	TRANSCRIPTOMIC	RNA-Seq	PACBIO_SMRT	1113821	2025-05-18
44745.tsv:SRR33607345	Sequel II sequencing: Haematococcus lacustris Liv1 Transcriptome	44745	1;131567;2759;33090;3041;2692248;3166;2812636;3042;35484;44744;44745	Haematococcus lacustris	TRANSCRIPTOMIC	RNA-Seq	PACBIO_SMRT	1410208	2025-05-18
46950.tsv:SRR37058940	Sequel IIe sequencing: Storeatula major G Transcriptome	46950	1;131567;2759;3027;589342;589344;46949;46950	Storeatula major	TRANSCRIPTOMIC	RNA-Seq	PACBIO_SMRT	1995456	2026-02-10
471275.tsv:SRR13684648	Sequel sequencing: RNA-Seq of Eimeria stiedai: FL-cDNA	471275	1;131567;2759;2698737;33630;5794;1280412;5796;75739;423054;5799;5800;471275	Eimeria stiedae	TRANSCRIPTOMIC	FL-cDNA	PACBIO_SMRT	12122872	2022-01-24
4803.tsv:SRR21186961	PacBio RS sequencing: RNA-seq of Lagenidium giganteum: axenic culture	4803	1;131567;2759;2698737;33634;4762;3418804;121069;4782;4802;4803	Lagenidium giganteum	TRANSCRIPTOMIC	RNA-Seq	PACBIO_SMRT	34733	2022-12-13
4803.tsv:SRR4022176	PacBio RS sequencing: Lagenidium giganteum GH	4803	1;131567;2759;2698737;33634;4762;3418804;121069;4782;4802;4803	Lagenidium giganteum	TRANSCRIPTOMIC	FL-cDNA	PACBIO_SMRT	4	2017-11-09
508771.tsv:SRR9200760	MinION sequencing: RNA Nanopore of T. gondii PRU Δku80: mitochondrion	508771	1;131567;2759;2698737;33630;5794;1280412;5796;75739;423054;5809;5810;5811;508771	Toxoplasma gondii ME49	TRANSCRIPTOMIC	RNA-Seq	OXFORD_NANOPORE	183	2020-06-10
51315.tsv:SRR14561352	Sequel sequencing: SMRT sequencing of Eimeria necatrix: unsporulated oocysts	51315	1;131567;2759;2698737;33630;5794;1280412;5796;75739;423054;5799;5800;51315	Eimeria necatrix	TRANSCRIPTOMIC	RNA-Seq	PACBIO_SMRT	621389	2021-05-18
51315.tsv:SRR15420703	Sequel sequencing: SMRT sequencing of Eimeria necatrix: second-generation merozoites	51315	1;131567;2759;2698737;33630;5794;1280412;5796;75739;423054;5799;5800;51315	Eimeria necatrix	TRANSCRIPTOMIC	RNA-Seq	PACBIO_SMRT	413385	2021-08-25
51315.tsv:SRR6997697	PacBio RS sequencing: Full-length transcriptome sequence of MZ-2,MZ-3 and GAM of Eimeria necatrix	51315	1;131567;2759;2698737;33630;5794;1280412;5796;75739;423054;5799;5800;51315	Eimeria necatrix	TRANSCRIPTOMIC	RNA-Seq	PACBIO_SMRT	4175	2018-08-04
51315.tsv:SRR14561351	Sequel sequencing: SMRT sequencing of Eimeria necatrix: sporozoites	51315	1;131567;2759;2698737;33630;5794;1280412;5796;75739;423054;5799;5800;51315	Eimeria necatrix	TRANSCRIPTOMIC	RNA-Seq	PACBIO_SMRT	542313	2021-05-18
554055.tsv:ERR16000279	Revio sequencing	554055	1;131567;2759;33090;3041;2692248;75966;35460;35461;2511126;126838;554055	Micractinium conductrix	TRANSCRIPTOMIC	RNA-Seq	PACBIO_SMRT	5956697	2026-05-11
5661.tsv:SRR36405094	MinION sequencing: Oxford Nanopore direct RNA sequencing of Leishmania donovani 1S promastigotes (20230622-SSIII), raw signal	5661	1;131567;2759;2611352;33682;5653;2704647;2704949;5654;1286322;5658;38568;38574;5661	Leishmania donovani	TRANSCRIPTOMIC	RNA-Seq	OXFORD_NANOPORE	1189862	2025-12-22
5661.tsv:SRR35070791	MinION sequencing: Oxford Nanopore direct RNA sequencing of Leishmania (20230622-Induro)	5661	1;131567;2759;2611352;33682;5653;2704647;2704949;5654;1286322;5658;38568;38574;5661	Leishmania donovani	TRANSCRIPTOMIC	RNA-Seq	OXFORD_NANOPORE	1092965	2025-08-24
5661.tsv:SRR35070793	MinION sequencing: Oxford Nanopore direct RNA sequencing of Leishmania (20230508)	5661	1;131567;2759;2611352;33682;5653;2704647;2704949;5654;1286322;5658;38568;38574;5661	Leishmania donovani	TRANSCRIPTOMIC	RNA-Seq	OXFORD_NANOPORE	1273328	2025-08-24
5661.tsv:SRR35070792	MinION sequencing: Oxford Nanopore direct RNA sequencing of Leishmania (20230622-SSIII)	5661	1;131567;2759;2611352;33682;5653;2704647;2704949;5654;1286322;5658;38568;38574;5661	Leishmania donovani	TRANSCRIPTOMIC	RNA-Seq	OXFORD_NANOPORE	1103722	2025-08-24
5661.tsv:SRR32666360	MinION sequencing: Leishmania donovani 1S Axenic Amastigote	5661	1;131567;2759;2611352;33682;5653;2704647;2704949;5654;1286322;5658;38568;38574;5661	Leishmania donovani	TRANSCRIPTOMIC	RNA-Seq	OXFORD_NANOPORE	700967	2025-08-24
5661.tsv:SRR36417910	MinION sequencing: Oxford Nanopore direct RNA sequencing of Leishmania donovani 1S promastigotes (20230508), raw signal	5661	1;131567;2759;2611352;33682;5653;2704647;2704949;5654;1286322;5658;38568;38574;5661	Leishmania donovani	TRANSCRIPTOMIC	RNA-Seq	OXFORD_NANOPORE	1351654	2025-12-13
5661.tsv:SRR36405093	MinION sequencing: Oxford Nanopore direct RNA sequencing of Leishmania donovani 1S Axenic Amastigote, raw signal	5661	1;131567;2759;2611352;33682;5653;2704647;2704949;5654;1286322;5658;38568;38574;5661	Leishmania donovani	TRANSCRIPTOMIC	RNA-Seq	OXFORD_NANOPORE	773983	2025-12-22
5661.tsv:SRR36417911	MinION sequencing: Oxford Nanopore direct RNA sequencing of Leishmania donovani 1S promastigotes (20230622-Induro), raw signal	5661	1;131567;2759;2611352;33682;5653;2704647;2704949;5654;1286322;5658;38568;38574;5661	Leishmania donovani	TRANSCRIPTOMIC	RNA-Seq	OXFORD_NANOPORE	1161593	2025-12-13
5671.tsv:SRR31999108	PromethION sequencing: ONT RNA-seq of Leishmania infantum, promastigote Rep Bio2	5671	1;131567;2759;2611352;33682;5653;2704647;2704949;5654;1286322;5658;38568;38574;5671	Leishmania infantum	TRANSCRIPTOMIC	RNA-Seq	OXFORD_NANOPORE	6203139	2025-05-28
5671.tsv:SRR31999106	PromethION sequencing: ONT RNA-seq of Leishmania infantum, axenic amastigote Rep Bio2	5671	1;131567;2759;2611352;33682;5653;2704647;2704949;5654;1286322;5658;38568;38574;5671	Leishmania infantum	TRANSCRIPTOMIC	RNA-Seq	OXFORD_NANOPORE	5161959	2025-05-28
5671.tsv:SRR31999109	PromethION sequencing: ONT RNA-seq of Leishmania infantum, promastigote Rep Bio1	5671	1;131567;2759;2611352;33682;5653;2704647;2704949;5654;1286322;5658;38568;38574;5671	Leishmania infantum	TRANSCRIPTOMIC	RNA-Seq	OXFORD_NANOPORE	6814583	2025-05-28
5671.tsv:SRR31999107	PromethION sequencing: ONT RNA-seq of Leishmania infantum, axenic amastigote Rep Bio1	5671	1;131567;2759;2611352;33682;5653;2704647;2704949;5654;1286322;5658;38568;38574;5671	Leishmania infantum	TRANSCRIPTOMIC	RNA-Seq	OXFORD_NANOPORE	6667671	2025-05-28
5722.tsv:SRR28202880	MinION sequencing: GSM8123110: T_vaginalis_rep1 Trichomonas vaginalis RNA-Seq	5722	1;131567;2759;2611341;5719;37104;181550;5721;5722	Trichomonas vaginalis	TRANSCRIPTOMIC	RNA-Seq	OXFORD_NANOPORE	132905	2024-08-02
5722.tsv:SRR28202878	MinION sequencing: GSM8123112: T_vaginalis_rep3 Trichomonas vaginalis RNA-Seq	5722	1;131567;2759;2611341;5719;37104;181550;5721;5722	Trichomonas vaginalis	TRANSCRIPTOMIC	RNA-Seq	OXFORD_NANOPORE	529732	2024-08-02
5722.tsv:SRR28202879	MinION sequencing: GSM8123111: T_vaginalis_rep2 Trichomonas vaginalis RNA-Seq	5722	1;131567;2759;2611341;5719;37104;181550;5721;5722	Trichomonas vaginalis	TRANSCRIPTOMIC	RNA-Seq	OXFORD_NANOPORE	461890	2024-08-02
5741.tsv:SRR13927974	MinION sequencing: GSM5155604: glamblia_directRNA_rep2 Giardia intestinalis RNA-Seq	5741	1;131567;2759;2611341;207245;5738;5739;68459;5740;5741	Giardia duodenalis	TRANSCRIPTOMIC	RNA-Seq	OXFORD_NANOPORE	260093	2022-03-12
5741.tsv:SRR28202890	MinION sequencing: GSM8123100: G_lamblia_BGS_rep2 Giardia intestinalis RNA-Seq	5741	1;131567;2759;2611341;207245;5738;5739;68459;5740;5741	Giardia duodenalis	TRANSCRIPTOMIC	RNA-Seq	OXFORD_NANOPORE	631658	2024-08-02
5741.tsv:SRR28202892	MinION sequencing: GSM8123098: G_lamblia_rep3 Giardia intestinalis RNA-Seq	5741	1;131567;2759;2611341;207245;5738;5739;68459;5740;5741	Giardia duodenalis	TRANSCRIPTOMIC	RNA-Seq	OXFORD_NANOPORE	437070	2024-08-02
5741.tsv:SRR13927973	MinION sequencing: GSM5155603: glamblia_directRNA_rep1 Giardia intestinalis RNA-Seq	5741	1;131567;2759;2611341;207245;5738;5739;68459;5740;5741	Giardia duodenalis	TRANSCRIPTOMIC	RNA-Seq	OXFORD_NANOPORE	677049	2022-03-12
5741.tsv:SRR28202889	MinION sequencing: GSM8123101: G_lamblia_BGS_rep3 Giardia intestinalis RNA-Seq	5741	1;131567;2759;2611341;207245;5738;5739;68459;5740;5741	Giardia duodenalis	TRANSCRIPTOMIC	RNA-Seq	OXFORD_NANOPORE	381100	2024-08-02
5741.tsv:SRR28202891	MinION sequencing: GSM8123099: G_lamblia_BGS_rep1 Giardia intestinalis RNA-Seq	5741	1;131567;2759;2611341;207245;5738;5739;68459;5740;5741	Giardia duodenalis	TRANSCRIPTOMIC	RNA-Seq	OXFORD_NANOPORE	778622	2024-08-02
5742.tsv:SRR28202887	MinION sequencing: GSM8123103: G_muris_rep2 Giardia muris RNA-Seq	5742	1;131567;2759;2611341;207245;5738;5739;68459;5740;5742	Giardia muris	TRANSCRIPTOMIC	RNA-Seq	OXFORD_NANOPORE	466730	2024-08-02
5742.tsv:SRR28202888	MinION sequencing: GSM8123102: G_muris_rep1 Giardia muris RNA-Seq	5742	1;131567;2759;2611341;207245;5738;5739;68459;5740;5742	Giardia muris	TRANSCRIPTOMIC	RNA-Seq	OXFORD_NANOPORE	563843	2024-08-02
5757.tsv:SRR14182256	Sequel II sequencing: Acanthamoeba polyphaga infected with Mimivirus 1,3,5h post infection as well as uninfected mix	5757	1;131567;2759;554915;555280;1485168;555407;33677;5754;5757	Acanthamoeba polyphaga	TRANSCRIPTOMIC	RNA-Seq	PACBIO_SMRT	7658297	2022-05-02
5759.tsv:SRR28202893	MinION sequencing: GSM8123095: E_histolitica_rep3 Entamoeba histolytica RNA-Seq	5759	1;131567;2759;554915;2605435;555406;2682482;33084;5758;5759	Entamoeba histolytica	TRANSCRIPTOMIC	RNA-Seq	OXFORD_NANOPORE	511559	2024-08-02
5759.tsv:SRR28202894	MinION sequencing: GSM8123094: E_histolitica_rep2 Entamoeba histolytica RNA-Seq	5759	1;131567;2759;554915;2605435;555406;2682482;33084;5758;5759	Entamoeba histolytica	TRANSCRIPTOMIC	RNA-Seq	OXFORD_NANOPORE	638602	2024-08-02
5759.tsv:SRR28202895	MinION sequencing: GSM8123093: E_histolitica_rep1 Entamoeba histolytica RNA-Seq	5759	1;131567;2759;554915;2605435;555406;2682482;33084;5758;5759	Entamoeba histolytica	TRANSCRIPTOMIC	RNA-Seq	OXFORD_NANOPORE	429065	2024-08-02
5762.tsv:SRR28202885	MinION sequencing: GSM8123105: N_gruberi_rep2 Naegleria gruberi RNA-Seq	5762	1;131567;2759;2611352;5752;2601529;2601530;43693;3691768;5761;5762	Naegleria gruberi	TRANSCRIPTOMIC	RNA-Seq	OXFORD_NANOPORE	436926	2024-08-02
5762.tsv:SRR28202886	MinION sequencing: GSM8123104: N_gruberi_rep1 Naegleria gruberi RNA-Seq	5762	1;131567;2759;2611352;5752;2601529;2601530;43693;3691768;5761;5762	Naegleria gruberi	TRANSCRIPTOMIC	RNA-Seq	OXFORD_NANOPORE	234105	2024-08-02
5762.tsv:SRR28202884	MinION sequencing: GSM8123106: N_gruberi_rep3 Naegleria gruberi RNA-Seq	5762	1;131567;2759;2611352;5752;2601529;2601530;43693;3691768;5761;5762	Naegleria gruberi	TRANSCRIPTOMIC	RNA-Seq	OXFORD_NANOPORE	503258	2024-08-02
5807.tsv:SRR16572010	MinION sequencing: Cryptosporidium parvum treated with altiratinib	5807	1;131567;2759;2698737;33630;5794;1280412;5796;75739;423054;35082;5806;5807	Cryptosporidium parvum	TRANSCRIPTOMIC	RNA-Seq	OXFORD_NANOPORE	1166725	2022-08-14
5807.tsv:SRR16572011	MinION sequencing: Cryptosporidium parvum UT	5807	1;131567;2759;2698737;33630;5794;1280412;5796;75739;423054;35082;5806;5807	Cryptosporidium parvum	TRANSCRIPTOMIC	RNA-Seq	OXFORD_NANOPORE	1341130	2022-08-11
5807.tsv:SRR28359858	MinION sequencing: Nanopore Direct RNAseq of C.parvum-IOWA	5807	1;131567;2759;2698737;33630;5794;1280412;5796;75739;423054;35082;5806;5807	Cryptosporidium parvum	TRANSCRIPTOMIC	RNA-Seq	OXFORD_NANOPORE	399589	2024-12-01
5811.tsv:SRR13799558	MinION sequencing: Nanopore direct RNA sequencing of Toxoplasma gondii - RH - METTL3 mAid - Non treated	5811	1;131567;2759;2698737;33630;5794;1280412;5796;75739;423054;5809;5810;5811	Toxoplasma gondii	TRANSCRIPTOMIC	RNA-Seq	OXFORD_NANOPORE	1303960	2021-07-18
5811.tsv:SRR13799561	MinION sequencing: Nanopore direct RNA sequencing of Toxoplasma gondii - RH non treated	5811	1;131567;2759;2698737;33630;5794;1280412;5796;75739;423054;5809;5810;5811	Toxoplasma gondii	TRANSCRIPTOMIC	RNA-Seq	OXFORD_NANOPORE	754408	2021-07-18
5811.tsv:SRR11094275	MinION sequencing: T. gondii (Pru) tachyzoite stage mRNA	1080348	1;131567;2759;2698737;33630;5794;1280412;5796;75739;423054;5809;5810;5811;1080348	Toxoplasma gondii PRU	TRANSCRIPTOMIC	RNA-Seq	OXFORD_NANOPORE	310813	2020-02-19
5811.tsv:SRR16572002	MinION sequencing: Toxoplasma gondii RH mut PRP4K_W649P UT run 2	5811	1;131567;2759;2698737;33630;5794;1280412;5796;75739;423054;5809;5810;5811	Toxoplasma gondii	TRANSCRIPTOMIC	RNA-Seq	OXFORD_NANOPORE	805915	2022-08-11
5811.tsv:SRR16572005	MinION sequencing: Toxoplasma gondii RH mut PRP4K_L715F +alti run 1	5811	1;131567;2759;2698737;33630;5794;1280412;5796;75739;423054;5809;5810;5811	Toxoplasma gondii	TRANSCRIPTOMIC	RNA-Seq	OXFORD_NANOPORE	885373	2022-08-11
5811.tsv:SRR16572007	MinION sequencing: Toxoplasma gondii RH mut PRP4K_L715F UT run 1	5811	1;131567;2759;2698737;33630;5794;1280412;5796;75739;423054;5809;5810;5811	Toxoplasma gondii	TRANSCRIPTOMIC	RNA-Seq	OXFORD_NANOPORE	807039	2022-08-11
5811.tsv:SRR16572008	MinION sequencing: Toxoplasma gondii RH+alti run 2	5811	1;131567;2759;2698737;33630;5794;1280412;5796;75739;423054;5809;5810;5811	Toxoplasma gondii	TRANSCRIPTOMIC	RNA-Seq	OXFORD_NANOPORE	944144	2022-08-11
5811.tsv:SRR16572014	MinION sequencing: Toxoplasma gondii RH mut PRP4K_W649P +alti run 2	5811	1;131567;2759;2698737;33630;5794;1280412;5796;75739;423054;5809;5810;5811	Toxoplasma gondii	TRANSCRIPTOMIC	RNA-Seq	OXFORD_NANOPORE	950270	2022-08-11
5811.tsv:SRR29760706	PromethION sequencing: GSM8388751: Nanopore-SNF2h-KD-UT Toxoplasma gondii RNA-Seq	5811	1;131567;2759;2698737;33630;5794;1280412;5796;75739;423054;5809;5810;5811	Toxoplasma gondii	TRANSCRIPTOMIC	RNA-Seq	OXFORD_NANOPORE	1251974	2025-02-23
5811.tsv:SRR13799554	MinION sequencing: Nanopore direct RNA sequencing of Toxoplasma gondii - RH - CPSF4 mAid - IAA 24h -1	5811	1;131567;2759;2698737;33630;5794;1280412;5796;75739;423054;5809;5810;5811	Toxoplasma gondii	TRANSCRIPTOMIC	RNA-Seq	OXFORD_NANOPORE	918139	2021-07-18
5811.tsv:SRR13799556	MinION sequencing: Nanopore direct RNA sequencing of Toxoplasma gondii - RH - METTL3 mAid - IAA 24h -2	5811	1;131567;2759;2698737;33630;5794;1280412;5796;75739;423054;5809;5810;5811	Toxoplasma gondii	TRANSCRIPTOMIC	RNA-Seq	OXFORD_NANOPORE	1907299	2021-07-18
5811.tsv:SRR13799557	MinION sequencing: Nanopore direct RNA sequencing of Toxoplasma gondii - RH - METTL3 mAid - IAA 24h -1	5811	1;131567;2759;2698737;33630;5794;1280412;5796;75739;423054;5809;5810;5811	Toxoplasma gondii	TRANSCRIPTOMIC	RNA-Seq	OXFORD_NANOPORE	1210517	2021-07-18
5811.tsv:SRR13799562	MinION sequencing: Nanopore direct RNA sequencing of Toxoplasma gondii - RH non treated	5811	1;131567;2759;2698737;33630;5794;1280412;5796;75739;423054;5809;5810;5811	Toxoplasma gondii	TRANSCRIPTOMIC	RNA-Seq	OXFORD_NANOPORE	1632000	2021-07-18
5811.tsv:SRR16572004	MinION sequencing: Toxoplasma gondii RH mut PRP4K_L715F +alti run 2	5811	1;131567;2759;2698737;33630;5794;1280412;5796;75739;423054;5809;5810;5811	Toxoplasma gondii	TRANSCRIPTOMIC	RNA-Seq	OXFORD_NANOPORE	913004	2022-08-11
5811.tsv:SRR16572015	MinION sequencing: Toxoplasma gondii RH mut PRP4K_W649P +alti run 1	5811	1;131567;2759;2698737;33630;5794;1280412;5796;75739;423054;5809;5810;5811	Toxoplasma gondii	TRANSCRIPTOMIC	RNA-Seq	OXFORD_NANOPORE	670122	2022-08-11
5811.tsv:SRR16572016	MinION sequencing: Toxoplasma gondii RH-WT UT run 2	5811	1;131567;2759;2698737;33630;5794;1280412;5796;75739;423054;5809;5810;5811	Toxoplasma gondii	TRANSCRIPTOMIC	RNA-Seq	OXFORD_NANOPORE	821672	2022-08-11
5811.tsv:SRR23019792	MinION sequencing: Direct RNA sequencing AP2XII-1 KD AP2XI-2 KD - UT	5811	1;131567;2759;2698737;33630;5794;1280412;5796;75739;423054;5809;5810;5811	Toxoplasma gondii	TRANSCRIPTOMIC	RNA-Seq	OXFORD_NANOPORE	779402	2023-09-17
5811.tsv:SRR29760705	PromethION sequencing: GSM8388752: Nanopore-SNF2h-KD-IAA Toxoplasma gondii RNA-Seq	5811	1;131567;2759;2698737;33630;5794;1280412;5796;75739;423054;5809;5810;5811	Toxoplasma gondii	TRANSCRIPTOMIC	RNA-Seq	OXFORD_NANOPORE	1473971	2025-02-23
5811.tsv:SRR9200760	MinION sequencing: RNA Nanopore of T. gondii PRU Δku80: mitochondrion	508771	1;131567;2759;2698737;33630;5794;1280412;5796;75739;423054;5809;5810;5811;508771	Toxoplasma gondii ME49	TRANSCRIPTOMIC	RNA-Seq	OXFORD_NANOPORE	183	2020-06-10
5811.tsv:SRR13799552	MinION sequencing: Nanopore direct RNA sequencing of Toxoplasma gondii - RH - MORC mAid - IAA 24h -2	5811	1;131567;2759;2698737;33630;5794;1280412;5796;75739;423054;5809;5810;5811	Toxoplasma gondii	TRANSCRIPTOMIC	RNA-Seq	OXFORD_NANOPORE	1228187	2021-07-18
5811.tsv:SRR13799553	MinION sequencing: Nanopore direct RNA sequencing of Toxoplasma gondii - RH - CPSF4 mAid - IAA 24h -2	5811	1;131567;2759;2698737;33630;5794;1280412;5796;75739;423054;5809;5810;5811	Toxoplasma gondii	TRANSCRIPTOMIC	RNA-Seq	OXFORD_NANOPORE	744496	2021-07-18
5811.tsv:SRR13799555	MinION sequencing: Nanopore direct RNA sequencing of Toxoplasma gondii - RH - CPSF4 mAid - Non treated	5811	1;131567;2759;2698737;33630;5794;1280412;5796;75739;423054;5809;5810;5811	Toxoplasma gondii	TRANSCRIPTOMIC	RNA-Seq	OXFORD_NANOPORE	408765	2021-07-18
5811.tsv:SRR16572003	MinION sequencing: Toxoplasma gondii RH mut PRP4K_W649P UT run 1	5811	1;131567;2759;2698737;33630;5794;1280412;5796;75739;423054;5809;5810;5811	Toxoplasma gondii	TRANSCRIPTOMIC	RNA-Seq	OXFORD_NANOPORE	658168	2022-08-11
5811.tsv:SRR16572006	MinION sequencing: Toxoplasma gondii RH mut PRP4K_L715F UT run 2	5811	1;131567;2759;2698737;33630;5794;1280412;5796;75739;423054;5809;5810;5811	Toxoplasma gondii	TRANSCRIPTOMIC	RNA-Seq	OXFORD_NANOPORE	972818	2022-08-11
5811.tsv:SRR16572009	MinION sequencing: Toxoplasma gondii RH+alti run 1	5811	1;131567;2759;2698737;33630;5794;1280412;5796;75739;423054;5809;5810;5811	Toxoplasma gondii	TRANSCRIPTOMIC	RNA-Seq	OXFORD_NANOPORE	1561995	2022-08-11
5811.tsv:SRR16572017	MinION sequencing: Toxoplasma gondii RH-WT UT run 1	5811	1;131567;2759;2698737;33630;5794;1280412;5796;75739;423054;5809;5810;5811	Toxoplasma gondii	TRANSCRIPTOMIC	RNA-Seq	OXFORD_NANOPORE	693240	2022-08-11
5811.tsv:SRR23019780	MinION sequencing: Direct RNA sequencing AP2XII-1 KD AP2XI-2 KD - IAA 48h	5811	1;131567;2759;2698737;33630;5794;1280412;5796;75739;423054;5809;5810;5811	Toxoplasma gondii	TRANSCRIPTOMIC	RNA-Seq	OXFORD_NANOPORE	955603	2023-09-17
5811.tsv:SRR23019791	MinION sequencing: Direct RNA sequencing AP2XII-1 KD AP2XI-2 KD - IAA 24h	5811	1;131567;2759;2698737;33630;5794;1280412;5796;75739;423054;5809;5810;5811	Toxoplasma gondii	TRANSCRIPTOMIC	RNA-Seq	OXFORD_NANOPORE	889029	2023-09-17
5821.tsv:SRR24632530	MinION sequencing: Mixed RNA of trophozoite and schizont stage of plasmodium berghei	5821	1;131567;2759;2698737;33630;5794;422676;5819;1639119;5820;418101;5821	Plasmodium berghei	TRANSCRIPTOMIC	RNA-Seq	OXFORD_NANOPORE	359923	2025-02-22
5833.tsv:ERR12329926	Sequel IIe sequencing	5833	1;131567;2759;2698737;33630;5794;422676;5819;1639119;5820;418107;5833	Plasmodium falciparum	TRANSCRIPTOMIC SINGLE CELL	RNA-Seq	PACBIO_SMRT	6229085	2023-11-30
5833.tsv:SRR18188665	MinION sequencing: GSM5929209: Mixed intraerythrocytic stage total RNA Plasmodium falciparum 3D7 RNA-Seq	36329	1;131567;2759;2698737;33630;5794;422676;5819;1639119;5820;418107;5833;36329	Plasmodium falciparum 3D7	TRANSCRIPTOMIC	RNA-Seq	OXFORD_NANOPORE	1434309	2022-11-02
5833.tsv:SRR26711331	MinION sequencing: Transcriptomic analysis of Plasmodium falciparum 3D7	5833	1;131567;2759;2698737;33630;5794;422676;5819;1639119;5820;418107;5833	Plasmodium falciparum	TRANSCRIPTOMIC	RNA-Seq	OXFORD_NANOPORE	165905	2023-11-29
5833.tsv:SRR26711332	MinION sequencing: Transcriptomic analysis of Plasmodium falciparum 3D7	5833	1;131567;2759;2698737;33630;5794;422676;5819;1639119;5820;418107;5833	Plasmodium falciparum	TRANSCRIPTOMIC	RNA-Seq	OXFORD_NANOPORE	262680	2023-11-28
5833.tsv:SRR35270148	MinION sequencing: ONT direct RNA-seq of P. falciparum NF54 Trophs	5833	1;131567;2759;2698737;33630;5794;422676;5819;1639119;5820;418107;5833	Plasmodium falciparum	TRANSCRIPTOMIC	RNA-Seq	OXFORD_NANOPORE	2752505	2025-09-21
5833.tsv:SRR35270149	MinION sequencing: ONT direct RNA-seq of P. falciparum NF54 Trophs	5833	1;131567;2759;2698737;33630;5794;422676;5819;1639119;5820;418107;5833	Plasmodium falciparum	TRANSCRIPTOMIC	RNA-Seq	OXFORD_NANOPORE	2752505	2025-09-21
5833.tsv:SRR32815027	MinION sequencing: direct RNA ONT sequencing of P. falciparum UMB-MWI Trophozoites in vitro polyadenylated	5833	1;131567;2759;2698737;33630;5794;422676;5819;1639119;5820;418107;5833	Plasmodium falciparum	TRANSCRIPTOMIC	RNA-Seq	OXFORD_NANOPORE	759471	2025-09-21
5833.tsv:SRR32815035	MinION sequencing: direct RNA ONT sequencing of P. falciparum Dd2 Gametocytes stage IV	5833	1;131567;2759;2698737;33630;5794;422676;5819;1639119;5820;418107;5833	Plasmodium falciparum	TRANSCRIPTOMIC	RNA-Seq	OXFORD_NANOPORE	1001740	2025-09-21
5833.tsv:SRR32815044	MinION sequencing: direct RNA ONT sequencing of P. falciparum Dd2 10 hpi	5833	1;131567;2759;2698737;33630;5794;422676;5819;1639119;5820;418107;5833	Plasmodium falciparum	TRANSCRIPTOMIC	RNA-Seq	OXFORD_NANOPORE	1090558	2025-09-21
5833.tsv:SRR32815047	MinION sequencing: direct RNA ONT sequencing of P. falciparum NF54 Salivary Gland Sporozoites	5833	1;131567;2759;2698737;33630;5794;422676;5819;1639119;5820;418107;5833	Plasmodium falciparum	TRANSCRIPTOMIC	RNA-Seq	OXFORD_NANOPORE	2418242	2025-09-21
5833.tsv:SRR32815051	MinION sequencing: direct RNA ONT sequencing of P. falciparum UMB-MWI Schizonts	5833	1;131567;2759;2698737;33630;5794;422676;5819;1639119;5820;418107;5833	Plasmodium falciparum	TRANSCRIPTOMIC	RNA-Seq	OXFORD_NANOPORE	1067087	2025-09-21
5833.tsv:SRR32815054	MinION sequencing: direct RNA ONT sequencing of P. falciparum Dd2 Gametocytes stage V day 16 in vitro polyadenylated	5833	1;131567;2759;2698737;33630;5794;422676;5819;1639119;5820;418107;5833	Plasmodium falciparum	TRANSCRIPTOMIC	RNA-Seq	OXFORD_NANOPORE	1672182	2025-09-21
5833.tsv:SRR32815058	MinION sequencing: direct RNA ONT sequencing of P. falciparum Dd2 20 hpi in vitro polyadenylated	5833	1;131567;2759;2698737;33630;5794;422676;5819;1639119;5820;418107;5833	Plasmodium falciparum	TRANSCRIPTOMIC	RNA-Seq	OXFORD_NANOPORE	804000	2025-09-21
5833.tsv:SRR32815060	MinION sequencing: direct RNA ONT sequencing of P. falciparum UMB-MWI Schizonts	5833	1;131567;2759;2698737;33630;5794;422676;5819;1639119;5820;418107;5833	Plasmodium falciparum	TRANSCRIPTOMIC	RNA-Seq	OXFORD_NANOPORE	1214218	2025-09-21
5833.tsv:SRR32815062	MinION sequencing: direct RNA ONT sequencing of P. falciparum Dd2 Gametocytes stage V	5833	1;131567;2759;2698737;33630;5794;422676;5819;1639119;5820;418107;5833	Plasmodium falciparum	TRANSCRIPTOMIC	RNA-Seq	OXFORD_NANOPORE	804000	2025-09-21
5833.tsv:SRR32815066	MinION sequencing: direct RNA ONT sequencing of P. falciparum Dd2 Gametocytes stage I	5833	1;131567;2759;2698737;33630;5794;422676;5819;1639119;5820;418107;5833	Plasmodium falciparum	TRANSCRIPTOMIC	RNA-Seq	OXFORD_NANOPORE	902038	2025-09-21
5833.tsv:SRR32815067	MinION sequencing: direct RNA ONT sequencing of P. falciparum Dd2 Commited Rings	5833	1;131567;2759;2698737;33630;5794;422676;5819;1639119;5820;418107;5833	Plasmodium falciparum	TRANSCRIPTOMIC	RNA-Seq	OXFORD_NANOPORE	999158	2025-09-21
5833.tsv:SRR32815068	MinION sequencing: direct RNA ONT sequencing of P. falciparum Dd2 40 hpi	5833	1;131567;2759;2698737;33630;5794;422676;5819;1639119;5820;418107;5833	Plasmodium falciparum	TRANSCRIPTOMIC	RNA-Seq	OXFORD_NANOPORE	1101571	2025-09-21
5833.tsv:SRR32815069	MinION sequencing: direct RNA ONT sequencing of P. falciparum Dd2 30 hpi	5833	1;131567;2759;2698737;33630;5794;422676;5819;1639119;5820;418107;5833	Plasmodium falciparum	TRANSCRIPTOMIC	RNA-Seq	OXFORD_NANOPORE	1090638	2025-09-21
5833.tsv:SRR32815070	MinION sequencing: direct RNA ONT sequencing of P. falciparum Dd2 20 hpi	5833	1;131567;2759;2698737;33630;5794;422676;5819;1639119;5820;418107;5833	Plasmodium falciparum	TRANSCRIPTOMIC	RNA-Seq	OXFORD_NANOPORE	859118	2025-09-21
5833.tsv:ERR11475030	Sequel IIe sequencing	5833	1;131567;2759;2698737;33630;5794;422676;5819;1639119;5820;418107;5833	Plasmodium falciparum	TRANSCRIPTOMIC SINGLE CELL	RNA-Seq	PACBIO_SMRT	5598963	2023-05-24
5833.tsv:ERR11475033	Sequel IIe sequencing	5833	1;131567;2759;2698737;33630;5794;422676;5819;1639119;5820;418107;5833	Plasmodium falciparum	TRANSCRIPTOMIC SINGLE CELL	RNA-Seq	PACBIO_SMRT	2688353	2023-05-24
5833.tsv:ERR11475035	Sequel IIe sequencing	5833	1;131567;2759;2698737;33630;5794;422676;5819;1639119;5820;418107;5833	Plasmodium falciparum	TRANSCRIPTOMIC SINGLE CELL	RNA-Seq	PACBIO_SMRT	2701479	2023-05-24
5833.tsv:ERR12329927	Sequel IIe sequencing	5833	1;131567;2759;2698737;33630;5794;422676;5819;1639119;5820;418107;5833	Plasmodium falciparum	TRANSCRIPTOMIC SINGLE CELL	RNA-Seq	PACBIO_SMRT	5186074	2023-11-30
5833.tsv:ERR12329928	Sequel IIe sequencing	5833	1;131567;2759;2698737;33630;5794;422676;5819;1639119;5820;418107;5833	Plasmodium falciparum	TRANSCRIPTOMIC SINGLE CELL	RNA-Seq	PACBIO_SMRT	3314460	2023-11-30
5833.tsv:ERR7222769	MinION sequencing	5833	1;131567;2759;2698737;33630;5794;422676;5819;1639119;5820;418107;5833	Plasmodium falciparum	TRANSCRIPTOMIC	RNA-Seq	OXFORD_NANOPORE	485187	2022-01-05
5833.tsv:ERR9652457	Sequel II sequencing	5833	1;131567;2759;2698737;33630;5794;422676;5819;1639119;5820;418107;5833	Plasmodium falciparum	TRANSCRIPTOMIC	RNA-Seq	PACBIO_SMRT	1279662	2022-04-27
5833.tsv:ERR9652458	Sequel II sequencing	5833	1;131567;2759;2698737;33630;5794;422676;5819;1639119;5820;418107;5833	Plasmodium falciparum	TRANSCRIPTOMIC	RNA-Seq	PACBIO_SMRT	19830305	2022-04-29
5833.tsv:ERR9746080	GridION sequencing: Long read RNA-seq of Plasmodium falciparum 3D7 for annotation of long non-coding RNAs	5833	1;131567;2759;2698737;33630;5794;422676;5819;1639119;5820;418107;5833	Plasmodium falciparum	TRANSCRIPTOMIC	RNA-Seq	OXFORD_NANOPORE	417168	2022-06-09
5833.tsv:SRR16572013	MinION sequencing: Plasmodium falciparum UT	5833	1;131567;2759;2698737;33630;5794;422676;5819;1639119;5820;418107;5833	Plasmodium falciparum	TRANSCRIPTOMIC	RNA-Seq	OXFORD_NANOPORE	582653	2022-08-11
5833.tsv:SRR18188666	MinION sequencing: GSM5929209: Mixed intraerythrocytic stage total RNA Plasmodium falciparum 3D7 RNA-Seq	36329	1;131567;2759;2698737;33630;5794;422676;5819;1639119;5820;418107;5833;36329	Plasmodium falciparum 3D7	TRANSCRIPTOMIC	RNA-Seq	OXFORD_NANOPORE	82078	2022-11-02
5833.tsv:SRR26711328	MinION sequencing: Transcriptomic analysis of Plasmodium falciparum 3D7	5833	1;131567;2759;2698737;33630;5794;422676;5819;1639119;5820;418107;5833	Plasmodium falciparum	TRANSCRIPTOMIC	RNA-Seq	OXFORD_NANOPORE	566402	2023-11-29
5833.tsv:SRR26711329	MinION sequencing: Transcriptomic analysis of Plasmodium falciparum 3D7	5833	1;131567;2759;2698737;33630;5794;422676;5819;1639119;5820;418107;5833	Plasmodium falciparum	TRANSCRIPTOMIC	RNA-Seq	OXFORD_NANOPORE	225089	2023-11-30
5833.tsv:SRR26711330	MinION sequencing: Transcriptomic analysis of Plasmodium falciparum 3D7	5833	1;131567;2759;2698737;33630;5794;422676;5819;1639119;5820;418107;5833	Plasmodium falciparum	TRANSCRIPTOMIC	RNA-Seq	OXFORD_NANOPORE	246274	2023-11-28
5833.tsv:SRR32815026	MinION sequencing: direct RNA ONT sequencing of P. falciparum UMB-MWI stage V Gametocytes in vitro polyadenylated	5833	1;131567;2759;2698737;33630;5794;422676;5819;1639119;5820;418107;5833	Plasmodium falciparum	TRANSCRIPTOMIC	RNA-Seq	OXFORD_NANOPORE	3015263	2025-09-21
5833.tsv:SRR32815028	MinION sequencing: direct RNA ONT sequencing of P. falciparum NF54 Salivary Gland Sporozoites	5833	1;131567;2759;2698737;33630;5794;422676;5819;1639119;5820;418107;5833	Plasmodium falciparum	TRANSCRIPTOMIC	RNA-Seq	OXFORD_NANOPORE	1350440	2025-09-21
5833.tsv:SRR32815029	MinION sequencing: direct RNA ONT sequencing of P. falciparum NF54 Salivary Gland Sporozoites	5833	1;131567;2759;2698737;33630;5794;422676;5819;1639119;5820;418107;5833	Plasmodium falciparum	TRANSCRIPTOMIC	RNA-Seq	OXFORD_NANOPORE	1204000	2025-09-21
5833.tsv:SRR32815031	MinION sequencing: direct RNA ONT sequencing of P. falciparum Dd2 Gametocytes stage V in vitro polyadenylated	5833	1;131567;2759;2698737;33630;5794;422676;5819;1639119;5820;418107;5833	Plasmodium falciparum	TRANSCRIPTOMIC	RNA-Seq	OXFORD_NANOPORE	1266263	2025-09-21
5833.tsv:SRR32815033	MinION sequencing: direct RNA ONT sequencing of P. falciparum Dd2 Gametocytes stage V day 16	5833	1;131567;2759;2698737;33630;5794;422676;5819;1639119;5820;418107;5833	Plasmodium falciparum	TRANSCRIPTOMIC	RNA-Seq	OXFORD_NANOPORE	528421	2025-09-21
5833.tsv:SRR32815034	MinION sequencing: direct RNA ONT sequencing of P. falciparum Dd2 Gametocytes stage V	5833	1;131567;2759;2698737;33630;5794;422676;5819;1639119;5820;418107;5833	Plasmodium falciparum	TRANSCRIPTOMIC	RNA-Seq	OXFORD_NANOPORE	1530726	2025-09-21
5833.tsv:SRR32815037	MinION sequencing: direct RNA ONT sequencing of P. falciparum Dd2 Gametocytes stage II	5833	1;131567;2759;2698737;33630;5794;422676;5819;1639119;5820;418107;5833	Plasmodium falciparum	TRANSCRIPTOMIC	RNA-Seq	OXFORD_NANOPORE	429774	2025-09-21
5833.tsv:SRR32815038	MinION sequencing: direct RNA ONT sequencing of P. falciparum NF54 Gametocytes stage V JHU	5833	1;131567;2759;2698737;33630;5794;422676;5819;1639119;5820;418107;5833	Plasmodium falciparum	TRANSCRIPTOMIC	RNA-Seq	OXFORD_NANOPORE	1488000	2025-09-21
5833.tsv:SRR32815039	MinION sequencing: direct RNA ONT sequencing of P. falciparum Dd2 Gametocytes stage I	5833	1;131567;2759;2698737;33630;5794;422676;5819;1639119;5820;418107;5833	Plasmodium falciparum	TRANSCRIPTOMIC	RNA-Seq	OXFORD_NANOPORE	821219	2025-09-21
5833.tsv:SRR32815041	MinION sequencing: direct RNA ONT sequencing of P. falciparum Dd2 40 hpi	5833	1;131567;2759;2698737;33630;5794;422676;5819;1639119;5820;418107;5833	Plasmodium falciparum	TRANSCRIPTOMIC	RNA-Seq	OXFORD_NANOPORE	952902	2025-09-21
5833.tsv:SRR32815043	MinION sequencing: direct RNA ONT sequencing of P. falciparum Dd2 20 hpi	5833	1;131567;2759;2698737;33630;5794;422676;5819;1639119;5820;418107;5833	Plasmodium falciparum	TRANSCRIPTOMIC	RNA-Seq	OXFORD_NANOPORE	809597	2025-09-21
5833.tsv:SRR32815045	MinION sequencing: direct RNA ONT sequencing of P. falciparum UMB-MWI stage V Gametocytes in vitro polyadenylated	5833	1;131567;2759;2698737;33630;5794;422676;5819;1639119;5820;418107;5833	Plasmodium falciparum	TRANSCRIPTOMIC	RNA-Seq	OXFORD_NANOPORE	2543950	2025-09-21
5833.tsv:SRR32815048	MinION sequencing: direct RNA ONT sequencing of P. falciparum NF54 Gametocytes stage V JHU	5833	1;131567;2759;2698737;33630;5794;422676;5819;1639119;5820;418107;5833	Plasmodium falciparum	TRANSCRIPTOMIC	RNA-Seq	OXFORD_NANOPORE	1298405	2025-09-21
5833.tsv:SRR32815050	MinION sequencing: direct RNA ONT sequencing of P. falciparum UMB-MWI Gametocytes stage V	5833	1;131567;2759;2698737;33630;5794;422676;5819;1639119;5820;418107;5833	Plasmodium falciparum	TRANSCRIPTOMIC	RNA-Seq	OXFORD_NANOPORE	1040222	2025-09-21
5833.tsv:SRR32815052	MinION sequencing: direct RNA ONT sequencing of P. falciparum UMB-MWI Trophozoites	5833	1;131567;2759;2698737;33630;5794;422676;5819;1639119;5820;418107;5833	Plasmodium falciparum	TRANSCRIPTOMIC	RNA-Seq	OXFORD_NANOPORE	989828	2025-09-21
5833.tsv:SRR32815055	MinION sequencing: direct RNA ONT sequencing of P. falciparum Dd2 Gametocytes stage V in vitro polyadenylated	5833	1;131567;2759;2698737;33630;5794;422676;5819;1639119;5820;418107;5833	Plasmodium falciparum	TRANSCRIPTOMIC	RNA-Seq	OXFORD_NANOPORE	1371134	2025-09-21
5833.tsv:SRR32815056	MinION sequencing: direct RNA ONT sequencing of P. falciparum Dd2 20 hpi in vitro polyadenylated	5833	1;131567;2759;2698737;33630;5794;422676;5819;1639119;5820;418107;5833	Plasmodium falciparum	TRANSCRIPTOMIC	RNA-Seq	OXFORD_NANOPORE	860000	2025-09-21
5833.tsv:SRR32815061	MinION sequencing: direct RNA ONT sequencing of P. falciparum Dd2 Gametocytes stage V	5833	1;131567;2759;2698737;33630;5794;422676;5819;1639119;5820;418107;5833	Plasmodium falciparum	TRANSCRIPTOMIC	RNA-Seq	OXFORD_NANOPORE	882943	2025-09-21
5833.tsv:SRR32815064	MinION sequencing: direct RNA ONT sequencing of P. falciparum Dd2 Gametocytes stage III	5833	1;131567;2759;2698737;33630;5794;422676;5819;1639119;5820;418107;5833	Plasmodium falciparum	TRANSCRIPTOMIC	RNA-Seq	OXFORD_NANOPORE	1291670	2025-09-21
5833.tsv:SRR32815065	MinION sequencing: direct RNA ONT sequencing of P. falciparum Dd2 Gametocytes stage II	5833	1;131567;2759;2698737;33630;5794;422676;5819;1639119;5820;418107;5833	Plasmodium falciparum	TRANSCRIPTOMIC	RNA-Seq	OXFORD_NANOPORE	525150	2025-09-21
5833.tsv:SRR32815071	MinION sequencing: direct RNA ONT sequencing of P. falciparum UMB-MWI Trophozoites	5833	1;131567;2759;2698737;33630;5794;422676;5819;1639119;5820;418107;5833	Plasmodium falciparum	TRANSCRIPTOMIC	RNA-Seq	OXFORD_NANOPORE	1180571	2025-09-21
5833.tsv:SRR35270150	MinION sequencing: ONT direct RNA-seq of P. falciparum NF54 GamV	5833	1;131567;2759;2698737;33630;5794;422676;5819;1639119;5820;418107;5833	Plasmodium falciparum	TRANSCRIPTOMIC	RNA-Seq	OXFORD_NANOPORE	8516023	2025-09-21
5833.tsv:ERR11475029	Sequel IIe sequencing	5833	1;131567;2759;2698737;33630;5794;422676;5819;1639119;5820;418107;5833	Plasmodium falciparum	TRANSCRIPTOMIC SINGLE CELL	RNA-Seq	PACBIO_SMRT	4264918	2023-05-24
5833.tsv:ERR11475031	Sequel IIe sequencing	5833	1;131567;2759;2698737;33630;5794;422676;5819;1639119;5820;418107;5833	Plasmodium falciparum	TRANSCRIPTOMIC SINGLE CELL	RNA-Seq	PACBIO_SMRT	6739065	2023-05-24
5833.tsv:ERR11475032	Sequel IIe sequencing	5833	1;131567;2759;2698737;33630;5794;422676;5819;1639119;5820;418107;5833	Plasmodium falciparum	TRANSCRIPTOMIC SINGLE CELL	RNA-Seq	PACBIO_SMRT	2441922	2023-05-24
5833.tsv:ERR11475034	Sequel IIe sequencing	5833	1;131567;2759;2698737;33630;5794;422676;5819;1639119;5820;418107;5833	Plasmodium falciparum	TRANSCRIPTOMIC SINGLE CELL	RNA-Seq	PACBIO_SMRT	2393746	2023-05-24
5833.tsv:ERR12329929	Sequel IIe sequencing	5833	1;131567;2759;2698737;33630;5794;422676;5819;1639119;5820;418107;5833	Plasmodium falciparum	TRANSCRIPTOMIC SINGLE CELL	RNA-Seq	PACBIO_SMRT	1669152	2023-11-30
5833.tsv:ERR13110914	MinION sequencing: Direct RNA Sequencing	5833	1;131567;2759;2698737;33630;5794;422676;5819;1639119;5820;418107;5833	Plasmodium falciparum	TRANSCRIPTOMIC	RNA-Seq	OXFORD_NANOPORE	169464	2025-05-22
5833.tsv:ERR2282005	PacBio RS sequencing	36329	1;131567;2759;2698737;33630;5794;422676;5819;1639119;5820;418107;5833;36329	Plasmodium falciparum 3D7	TRANSCRIPTOMIC	RNA-Seq	PACBIO_SMRT	0	2018-02-05
5833.tsv:ERR2282006	PacBio RS sequencing	36329	1;131567;2759;2698737;33630;5794;422676;5819;1639119;5820;418107;5833;36329	Plasmodium falciparum 3D7	TRANSCRIPTOMIC	RNA-Seq	PACBIO_SMRT	0	2018-02-05
5833.tsv:ERR2282007	PacBio RS sequencing	36329	1;131567;2759;2698737;33630;5794;422676;5819;1639119;5820;418107;5833;36329	Plasmodium falciparum 3D7	TRANSCRIPTOMIC	RNA-Seq	PACBIO_SMRT	0	2018-02-05
5833.tsv:ERR2282008	PacBio RS sequencing	36329	1;131567;2759;2698737;33630;5794;422676;5819;1639119;5820;418107;5833;36329	Plasmodium falciparum 3D7	TRANSCRIPTOMIC	RNA-Seq	PACBIO_SMRT	0	2018-02-05
5833.tsv:ERR9652456	Sequel II sequencing	5833	1;131567;2759;2698737;33630;5794;422676;5819;1639119;5820;418107;5833	Plasmodium falciparum	TRANSCRIPTOMIC	RNA-Seq	PACBIO_SMRT	1096425	2022-04-27
5833.tsv:ERR9652459	Sequel II sequencing	5833	1;131567;2759;2698737;33630;5794;422676;5819;1639119;5820;418107;5833	Plasmodium falciparum	TRANSCRIPTOMIC	RNA-Seq	PACBIO_SMRT	12760935	2022-04-27
5833.tsv:SRR11094274	MinION sequencing: P. falciparum (3D7) mixed asexual erythrocytic stage mRNA	36329	1;131567;2759;2698737;33630;5794;422676;5819;1639119;5820;418107;5833;36329	Plasmodium falciparum 3D7	TRANSCRIPTOMIC	RNA-Seq	OXFORD_NANOPORE	456098	2020-02-19
5833.tsv:SRR16572012	MinION sequencing: Plasmodium falciparum treated with altiratinib	5833	1;131567;2759;2698737;33630;5794;422676;5819;1639119;5820;418107;5833	Plasmodium falciparum	TRANSCRIPTOMIC	RNA-Seq	OXFORD_NANOPORE	433435	2022-08-11
5833.tsv:SRR26711333	MinION sequencing: Transcriptomic analysis of Plasmodium falciparum 3D7	5833	1;131567;2759;2698737;33630;5794;422676;5819;1639119;5820;418107;5833	Plasmodium falciparum	TRANSCRIPTOMIC	RNA-Seq	OXFORD_NANOPORE	124497	2023-11-29
5833.tsv:SRR35047445	MinION sequencing: Late Stage 32C ONT	5833	1;131567;2759;2698737;33630;5794;422676;5819;1639119;5820;418107;5833	Plasmodium falciparum	TRANSCRIPTOMIC	RNA-Seq	OXFORD_NANOPORE	1488000	2025-11-29
5833.tsv:SRR32815025	MinION sequencing: direct RNA ONT sequencing of P. falciparum Dd2 10 hpi	5833	1;131567;2759;2698737;33630;5794;422676;5819;1639119;5820;418107;5833	Plasmodium falciparum	TRANSCRIPTOMIC	RNA-Seq	OXFORD_NANOPORE	1207858	2025-09-21
5833.tsv:SRR32815030	MinION sequencing: direct RNA ONT sequencing of P. falciparum Dd2 Gametocytes stage V day 16 in vitro polyadenylated	5833	1;131567;2759;2698737;33630;5794;422676;5819;1639119;5820;418107;5833	Plasmodium falciparum	TRANSCRIPTOMIC	RNA-Seq	OXFORD_NANOPORE	1440889	2025-09-21
5833.tsv:SRR32815032	MinION sequencing: direct RNA ONT sequencing of P. falciparum Dd2 20 hpi in vitro polyadenylated	5833	1;131567;2759;2698737;33630;5794;422676;5819;1639119;5820;418107;5833	Plasmodium falciparum	TRANSCRIPTOMIC	RNA-Seq	OXFORD_NANOPORE	2264376	2025-09-21
5833.tsv:SRR32815036	MinION sequencing: direct RNA ONT sequencing of P. falciparum Dd2 Gametocytes stage III	5833	1;131567;2759;2698737;33630;5794;422676;5819;1639119;5820;418107;5833	Plasmodium falciparum	TRANSCRIPTOMIC	RNA-Seq	OXFORD_NANOPORE	1084256	2025-09-21
5833.tsv:SRR32815040	MinION sequencing: direct RNA ONT sequencing of P. falciparum Dd2 Commited Rings	5833	1;131567;2759;2698737;33630;5794;422676;5819;1639119;5820;418107;5833	Plasmodium falciparum	TRANSCRIPTOMIC	RNA-Seq	OXFORD_NANOPORE	904539	2025-09-21
5833.tsv:SRR32815042	MinION sequencing: direct RNA ONT sequencing of P. falciparum Dd2 30 hpi	5833	1;131567;2759;2698737;33630;5794;422676;5819;1639119;5820;418107;5833	Plasmodium falciparum	TRANSCRIPTOMIC	RNA-Seq	OXFORD_NANOPORE	940345	2025-09-21
5833.tsv:SRR32815046	MinION sequencing: direct RNA ONT sequencing of P. falciparum UMB-MWI Trophozoites in vitro polyadenylated	5833	1;131567;2759;2698737;33630;5794;422676;5819;1639119;5820;418107;5833	Plasmodium falciparum	TRANSCRIPTOMIC	RNA-Seq	OXFORD_NANOPORE	636914	2025-09-21
5833.tsv:SRR32815049	MinION sequencing: direct RNA ONT sequencing of P. falciparum UMB-MWI Gametocytes stage V	5833	1;131567;2759;2698737;33630;5794;422676;5819;1639119;5820;418107;5833	Plasmodium falciparum	TRANSCRIPTOMIC	RNA-Seq	OXFORD_NANOPORE	1165731	2025-09-21
5833.tsv:SRR32815053	MinION sequencing: direct RNA ONT sequencing of P. falciparum UMB-MWI Rings	5833	1;131567;2759;2698737;33630;5794;422676;5819;1639119;5820;418107;5833	Plasmodium falciparum	TRANSCRIPTOMIC	RNA-Seq	OXFORD_NANOPORE	689756	2025-09-21
5833.tsv:SRR32815057	MinION sequencing: direct RNA ONT sequencing of P. falciparum Dd2 20 hpi in vitro polyadenylated	5833	1;131567;2759;2698737;33630;5794;422676;5819;1639119;5820;418107;5833	Plasmodium falciparum	TRANSCRIPTOMIC	RNA-Seq	OXFORD_NANOPORE	800000	2025-09-21
5833.tsv:SRR32815059	MinION sequencing: direct RNA ONT sequencing of P. falciparum Dd2 Gametocytes stage V day 16	5833	1;131567;2759;2698737;33630;5794;422676;5819;1639119;5820;418107;5833	Plasmodium falciparum	TRANSCRIPTOMIC	RNA-Seq	OXFORD_NANOPORE	624292	2025-09-21
5833.tsv:SRR32815063	MinION sequencing: direct RNA ONT sequencing of P. falciparum Dd2 Gametocytes stage IV	5833	1;131567;2759;2698737;33630;5794;422676;5819;1639119;5820;418107;5833	Plasmodium falciparum	TRANSCRIPTOMIC	RNA-Seq	OXFORD_NANOPORE	1124000	2025-09-21
5833.tsv:SRR32815072	MinION sequencing: direct RNA ONT sequencing of P. falciparum UMB-MWI Rings	5833	1;131567;2759;2698737;33630;5794;422676;5819;1639119;5820;418107;5833	Plasmodium falciparum	TRANSCRIPTOMIC	RNA-Seq	OXFORD_NANOPORE	800000	2025-09-21
5833.tsv:SRR35270151	MinION sequencing: ONT direct RNA-seq of P. falciparum NF54 GamV	5833	1;131567;2759;2698737;33630;5794;422676;5819;1639119;5820;418107;5833	Plasmodium falciparum	TRANSCRIPTOMIC	RNA-Seq	OXFORD_NANOPORE	8516023	2025-09-21
5855.tsv:ERR13110915	MinION sequencing: Direct RNA Sequencing	5855	1;131567;2759;2698737;33630;5794;422676;5819;1639119;5820;418103;5855	Plasmodium vivax	TRANSCRIPTOMIC	RNA-Seq	OXFORD_NANOPORE	560535	2025-05-22
5855.tsv:SRR20710494	Sequel II sequencing: long read single cell RNA-seq of Plasmodium vivax	5855	1;131567;2759;2698737;33630;5794;422676;5819;1639119;5820;418103;5855	Plasmodium vivax	TRANSCRIPTOMIC SINGLE CELL	RNA-Seq	PACBIO_SMRT	1935640	2022-07-31
5855.tsv:SRR20710495	Sequel II sequencing: long read single cell RNA-seq of Plasmodium vivax	5855	1;131567;2759;2698737;33630;5794;422676;5819;1639119;5820;418103;5855	Plasmodium vivax	TRANSCRIPTOMIC SINGLE CELL	RNA-Seq	PACBIO_SMRT	2578778	2022-07-31
5855.tsv:SRR20710496	Sequel II sequencing: long read single cell RNA-seq of Plasmodium vivax	5855	1;131567;2759;2698737;33630;5794;422676;5819;1639119;5820;418103;5855	Plasmodium vivax	TRANSCRIPTOMIC SINGLE CELL	RNA-Seq	PACBIO_SMRT	3570838	2022-07-31
5855.tsv:SRR20710497	Sequel II sequencing: long read single cell RNA-seq of Plasmodium vivax	5855	1;131567;2759;2698737;33630;5794;422676;5819;1639119;5820;418103;5855	Plasmodium vivax	TRANSCRIPTOMIC SINGLE CELL	RNA-Seq	PACBIO_SMRT	3390270	2022-07-31
5888.tsv:ERR15935214	Revio sequencing	5888	1;131567;2759;2698737;33630;5878;431838;6020;33825;340080;5884;5888	Paramecium tetraurelia	TRANSCRIPTOMIC	RNA-Seq	PACBIO_SMRT	19464490	2025-11-21
5888.tsv:ERR15935215	Revio sequencing	5888	1;131567;2759;2698737;33630;5878;431838;6020;33825;340080;5884;5888	Paramecium tetraurelia	TRANSCRIPTOMIC	RNA-Seq	PACBIO_SMRT	20237031	2025-11-21
5888.tsv:ERR15935216	Revio sequencing	5888	1;131567;2759;2698737;33630;5878;431838;6020;33825;340080;5884;5888	Paramecium tetraurelia	TRANSCRIPTOMIC	RNA-Seq	PACBIO_SMRT	20526556	2025-11-21
5888.tsv:ERR15935217	Revio sequencing	5888	1;131567;2759;2698737;33630;5878;431838;6020;33825;340080;5884;5888	Paramecium tetraurelia	TRANSCRIPTOMIC	RNA-Seq	PACBIO_SMRT	19293257	2025-11-21
5911.tsv:SRR14294993	MinION sequencing: GSM4490611: tetra_unmod Tetrahymena thermophila RNA-Seq	5911	1;131567;2759;2698737;33630;5878;431838;6020;31277;37093;291294;5890;5911	Tetrahymena thermophila	TRANSCRIPTOMIC	RNA-Seq	OXFORD_NANOPORE	19219	2021-04-23
5911.tsv:SRR14294994	MinION sequencing: GSM4490616: tetra_NAI_N3 Tetrahymena thermophila RNA-Seq	5911	1;131567;2759;2698737;33630;5878;431838;6020;31277;37093;291294;5890;5911	Tetrahymena thermophila	TRANSCRIPTOMIC	RNA-Seq	OXFORD_NANOPORE	53309	2021-04-23
5911.tsv:SRR14294995	MinION sequencing: GSM4490616: tetra_NAI_N3 Tetrahymena thermophila RNA-Seq	5911	1;131567;2759;2698737;33630;5878;431838;6020;31277;37093;291294;5890;5911	Tetrahymena thermophila	TRANSCRIPTOMIC	RNA-Seq	OXFORD_NANOPORE	18975	2021-04-23
5911.tsv:SRR11676509	MinION sequencing: GSM4490611: tetra_unmod Tetrahymena thermophila RNA-Seq	5911	1;131567;2759;2698737;33630;5878;431838;6020;31277;37093;291294;5890;5911	Tetrahymena thermophila	TRANSCRIPTOMIC	RNA-Seq	OXFORD_NANOPORE	18979	2020-09-11
5911.tsv:SRR11676511	MinION sequencing: GSM4490613: tetra_CMCT Tetrahymena thermophila RNA-Seq	5911	1;131567;2759;2698737;33630;5878;431838;6020;31277;37093;291294;5890;5911	Tetrahymena thermophila	TRANSCRIPTOMIC	RNA-Seq	OXFORD_NANOPORE	28483	2020-09-11
5911.tsv:SRR11676513	MinION sequencing: GSM4490615: tetra_NAI Tetrahymena thermophila RNA-Seq	5911	1;131567;2759;2698737;33630;5878;431838;6020;31277;37093;291294;5890;5911	Tetrahymena thermophila	TRANSCRIPTOMIC	RNA-Seq	OXFORD_NANOPORE	54289	2020-09-11
5911.tsv:SRR11676510	MinION sequencing: GSM4490612: tetra_NMIA Tetrahymena thermophila RNA-Seq	5911	1;131567;2759;2698737;33630;5878;431838;6020;31277;37093;291294;5890;5911	Tetrahymena thermophila	TRANSCRIPTOMIC	RNA-Seq	OXFORD_NANOPORE	36722	2020-09-11
5911.tsv:SRR11676512	MinION sequencing: GSM4490614: tetra_DMS Tetrahymena thermophila RNA-Seq	5911	1;131567;2759;2698737;33630;5878;431838;6020;31277;37093;291294;5890;5911	Tetrahymena thermophila	TRANSCRIPTOMIC	RNA-Seq	OXFORD_NANOPORE	68463	2020-09-11
5911.tsv:SRR11676514	MinION sequencing: GSM4490616: tetra_NAI_N3 Tetrahymena thermophila RNA-Seq	5911	1;131567;2759;2698737;33630;5878;431838;6020;31277;37093;291294;5890;5911	Tetrahymena thermophila	TRANSCRIPTOMIC	RNA-Seq	OXFORD_NANOPORE	48634	2020-09-11
5911.tsv:SRR11676515	MinION sequencing: GSM4490616: tetra_NAI_N3 Tetrahymena thermophila RNA-Seq	5911	1;131567;2759;2698737;33630;5878;431838;6020;31277;37093;291294;5890;5911	Tetrahymena thermophila	TRANSCRIPTOMIC	RNA-Seq	OXFORD_NANOPORE	19108	2020-09-11
73239.tsv:SRR17073736	MinION sequencing: Nanopore dRNA-seq of Plasmodium yoelii 17XNL	73239	1;131567;2759;2698737;33630;5794;422676;5819;1639119;5820;418101;5861;73239	Plasmodium yoelii yoelii	TRANSCRIPTOMIC	RNA-Seq	OXFORD_NANOPORE	163466	2021-12-02
73239.tsv:SRR17073739	MinION sequencing: Nanopore dRNA-seq of Plasmodium yoelii 17XNL	73239	1;131567;2759;2698737;33630;5794;422676;5819;1639119;5820;418101;5861;73239	Plasmodium yoelii yoelii	TRANSCRIPTOMIC	RNA-Seq	OXFORD_NANOPORE	384526	2021-12-03
73239.tsv:SRR17073737	MinION sequencing: Nanopore dRNA-seq of Plasmodium yoelii 17XNL	73239	1;131567;2759;2698737;33630;5794;422676;5819;1639119;5820;418101;5861;73239	Plasmodium yoelii yoelii	TRANSCRIPTOMIC	RNA-Seq	OXFORD_NANOPORE	163466	2021-12-03
73239.tsv:SRR17073738	MinION sequencing: Nanopore dRNA-seq of Plasmodium yoelii 17XNL	73239	1;131567;2759;2698737;33630;5794;422676;5819;1639119;5820;418101;5861;73239	Plasmodium yoelii yoelii	TRANSCRIPTOMIC	RNA-Seq	OXFORD_NANOPORE	384526	2021-12-02
74381.tsv:SRR8083207	PacBio RS II sequencing: SMRT-seq of Undaria pinnatifida	74381	1;131567;2759;2698737;33634;2696291;569578;2870;2886;2887;74380;74381	Undaria pinnatifida	TRANSCRIPTOMIC	RNA-Seq	PACBIO_SMRT	326964	2019-02-21
74381.tsv:SRR8083209	PacBio RS II sequencing: SMRT-seq of Undaria pinnatifida	74381	1;131567;2759;2698737;33634;2696291;569578;2870;2886;2887;74380;74381	Undaria pinnatifida	TRANSCRIPTOMIC	RNA-Seq	PACBIO_SMRT	490446	2019-02-21
74381.tsv:SRR12750386	PacBio RS sequencing: PacBio subreads of Undaria pinnatifida sporophyte	74381	1;131567;2759;2698737;33634;2696291;569578;2870;2886;2887;74380;74381	Undaria pinnatifida	TRANSCRIPTOMIC	RNA-Seq	PACBIO_SMRT	12626782	2021-03-23
74381.tsv:SRR8083208	PacBio RS II sequencing: SMRT-seq of Undaria pinnatifida	74381	1;131567;2759;2698737;33634;2696291;569578;2870;2886;2887;74380;74381	Undaria pinnatifida	TRANSCRIPTOMIC	RNA-Seq	PACBIO_SMRT	490446	2019-02-21
74790.tsv:SRR16977290	PromethION sequencing: Nanopore full length transcripts sequencing of Paramecium bursaria	74790	1;131567;2759;2698737;33630;5878;431838;6020;33825;340080;5884;74790	Paramecium bursaria	TRANSCRIPTOMIC	RNA-Seq	OXFORD_NANOPORE	4999529	2021-11-20
